            Australian Bureau of Statistics,,,,,,,,,,,,,,,,,,,,,,,,,,,,,,,,,,,,,,,,,,,,,,,,,,,,,
"3401.0.55.004 Overseas Travel Statistics, Provisional",,,,,,,,,,,,,,,,,,,,,,,,,,,,,,,,,,,,,,,,,,,,,,,,,,,,,
"Total Movement, Arrivals and Departures - Country of Citizenship(a)",,,,,,,,,,,,,,,,,,,,,,,,,,,,,,,,,,,,,,,,,,,,,,,,,,,,,
Released at 11.30 am (Canberra time) 15 December 2020,,,,,,,,,,,,,,,,,,,,,,,,,,,,,,,,,,,,,,,,,,,,,,,,,,,,,
,,,,,,,,,,,,,,,,,,,,,,,,,,,,,,,,,,,,,,,,,,,,,,,,,,,,,
,,,,,,,,,,,,,,,,,,,,,,,,,,,,,,,,,,,,,,,,,,,,,,,,,,,,,
"Table 1.1 Total Movement, Arrivals by Country of Citizenship(a), Sep-2016 to Nov-2020(b)",,,,,,,,,,,,,,,,,,,,,,,,,,,,,,,,,,,,,,,,,,,,,,,,,,,,,
SACC code(a),Country of citizenship(a),Sep-2016,Oct-2016,Nov-2016,Dec-2016,Jan-2017,Feb-2017,Mar-2017,Apr-2017,May-2017,Jun-2017,Jul-2017,Aug-2017,Sep-2017,Oct-2017,Nov-2017,Dec-2017,Jan-2018,Feb-2018,Mar-2018,Apr-2018,May-2018,Jun-2018,Jul-2018,Aug-2018,Sep-2018,Oct-2018,Nov-2018,Dec-2018,Jan-2019,Feb-2019,Mar-2019,Apr-2019,May-2019,Jun-2019,Jul-2019,Aug-2019,Sep-2019,Oct-2019,Nov-2019,Dec-2019,Jan-2020,Feb-2020,Mar-2020,Apr-2020,May-2020,Jun-2020,Jul-2020,Aug-2020,Sep-2020,Oct-2020,Nov-2020,
1101,Australia,"788,680 ","907,430 ","649,150 ","647,520 ","1,049,590 ","622,860 ","605,580 ","773,900 ","676,120 ","676,380 ","966,250 ","769,970 ","844,820 ","954,220 ","680,850 ","660,800 ","1,106,970 ","606,790 ","649,940 ","798,650 ","715,890 ","713,730 ","1,017,380 ","811,120 ","859,310 ","1,013,830 ","711,460 ","691,500 ","1,151,960 ","629,280 ","654,110 ","809,630 ","750,600 ","739,530 ","1,009,170 ","823,500 ","873,520 ","1,013,740 ","746,080 ","709,350 ","1,160,610 ","664,990 ","476,430 ","15,060 ","11,110 ","14,070 ","10,700 ","8,790 ","8,900 ","12,280","15,500 ",
1102,Norfolk Island,0 ,0 ,0 ,0 ,0 ,0 ,0 ,0 ,0 ,0 ,0 ,0 ,0 ,0 ,0 ,0 ,0 ,0 ,0 ,0 ,0 ,0 ,0 ,0 ,0 ,0 ,0 ,0 ,0 ,0 ,0 ,0 ,0 ,0 ,0 ,0 ,0 ,0 ,0 ,0 ,0 ,0 ,0 ,0 ,0 ,0 ,0 ,0 ,0 ,0,0 ,
1199,Australian External Territories nec,0 ,0 ,0 ,0 ,0 ,0 ,0 ,0 ,0 ,0 ,0 ,0 ,0 ,0 ,0 ,0 ,0 ,0 ,0 ,0 ,0 ,0 ,0 ,0 ,0 ,0 ,0 ,0 ,0 ,0 ,0 ,0 ,0 ,0 ,0 ,0 ,0 ,0 ,0 ,0 ,0 ,0 ,0 ,0 ,0 ,0 ,0 ,0 ,0 ,0,0 ,
1201,New Zealand,"166,800 ","176,580 ","144,860 ","162,290 ","174,900 ","127,510 ","150,080 ","164,100 ","141,450 ","142,830 ","171,920 ","153,180 ","159,110 ","181,600 ","149,720 ","160,570 ","175,200 ","124,890 ","153,080 ","156,820 ","142,650 ","146,000 ","171,570 ","161,640 ","164,430 ","182,660 ","153,420 ","160,360 ","178,550 ","130,990 ","150,370 ","163,130 ","152,810 ","144,970 ","171,860 ","163,330 ","166,900 ","186,600 ","157,990 ","176,600 ","179,540 ","130,230 ","83,570 ","1,180 ","2,320 ","2,740 ","1,540 ","1,130 ","1,210 ","2,460","3,710 ",
1301,New Caledonia,0 ,0 ,0 ,0 ,0 ,0 ,0 ,0 ,0 ,0 ,0 ,0 ,0 ,0 ,0 ,0 ,0 ,0 ,0 ,0 ,0 ,0 ,0 ,0 ,0 ,0 ,0 ,0 ,0 ,0 ,0 ,0 ,0 ,0 ,0 ,0 ,0 ,0 ,0 ,0 ,0 ,0 ,0 ,0 ,0 ,0 ,0 ,0 ,0 ,0,0 ,
1302,Papua New Guinea,"3,420 ","3,300 ","3,290 ","5,350 ","4,130 ","2,730 ","3,000 ","3,250 ","2,880 ","2,750 ","3,970 ","2,880 ","4,320 ","3,200 ","3,400 ","4,520 ","3,890 ","2,540 ","2,810 ","3,200 ","2,480 ","2,920 ","3,470 ","2,880 ","3,280 ","3,070 ","3,350 ","4,550 ","3,840 ","2,780 ","2,890 ","3,500 ","3,060 ","3,300 ","3,940 ","3,500 ","3,610 ","3,720 ","3,530 ","4,290 ","3,890 ","2,670 ","1,540 ",40 ,60 ,60 ,70 ,30 ,60 ,60,60 ,
1303,Solomon Islands,550 ,500 ,660 ,750 ,620 ,380 ,480 ,480 ,530 ,470 ,510 ,360 ,590 ,680 ,600 ,730 ,620 ,460 ,480 ,560 ,610 ,560 ,550 ,430 ,630 ,550 ,670 ,850 ,690 ,440 ,440 ,460 ,610 ,560 ,660 ,460 ,630 ,730 ,720 ,690 ,620 ,490 ,240 ,0 ,0 ,0 ,10 ,0 ,0 ,10,180 ,
1304,Vanuatu,470 ,570 ,640 ,440 ,560 ,350 ,440 ,430 ,450 ,340 ,350 ,650 ,800 ,730 ,760 ,640 ,600 ,360 ,560 ,530 ,600 ,550 ,460 ,820 ,"1,200 ",850 ,900 ,680 ,630 ,700 ,710 ,690 ,"1,060 ",810 ,600 ,900 ,"1,400 ","1,130 ","1,220 ",780 ,"1,050 ",810 ,430 ,0 ,0 ,0 ,0 ,0 ,170 ,170,10 ,
1401,Guam,0 ,0 ,0 ,0 ,0 ,0 ,0 ,0 ,0 ,0 ,0 ,0 ,0 ,0 ,0 ,0 ,0 ,0 ,0 ,0 ,0 ,0 ,0 ,0 ,0 ,0 ,0 ,0 ,0 ,0 ,0 ,0 ,0 ,0 ,0 ,0 ,0 ,0 ,0 ,0 ,0 ,0 ,0 ,0 ,0 ,0 ,0 ,0 ,0 ,0,0 ,
1402,Kiribati,70 ,100 ,100 ,80 ,80 ,100 ,100 ,60 ,150 ,150 ,80 ,70 ,140 ,140 ,180 ,80 ,100 ,100 ,150 ,110 ,250 ,190 ,140 ,90 ,120 ,180 ,120 ,140 ,170 ,140 ,100 ,100 ,260 ,180 ,120 ,120 ,140 ,150 ,190 ,190 ,110 ,110 ,60 ,0 ,0 ,0 ,0 ,0 ,0 ,60,0 ,
1403,Marshall Islands,10 ,10 ,10 ,0 ,20 ,0 ,0 ,10 ,20 ,10 ,10 ,10 ,10 ,20 ,10 ,0 ,0 ,10 ,10 ,10 ,10 ,10 ,10 ,20 ,10 ,10 ,10 ,0 ,0 ,10 ,10 ,10 ,10 ,10 ,10 ,10 ,10 ,10 ,10 ,10 ,0 ,0 ,0 ,0 ,0 ,0 ,0 ,0 ,0 ,0,0 ,
1404,Micronesia Federated States of,10 ,10 ,10 ,10 ,10 ,0 ,10 ,20 ,20 ,10 ,10 ,20 ,20 ,20 ,20 ,10 ,10 ,10 ,10 ,10 ,20 ,20 ,20 ,20 ,10 ,20 ,20 ,30 ,10 ,10 ,20 ,10 ,30 ,20 ,10 ,10 ,20 ,20 ,30 ,10 ,10 ,10 ,0 ,0 ,0 ,0 ,0 ,0 ,0 ,0,0 ,
1405,Nauru,400 ,380 ,330 ,430 ,170 ,230 ,290 ,300 ,250 ,430 ,370 ,360 ,440 ,370 ,330 ,520 ,230 ,240 ,310 ,540 ,350 ,410 ,330 ,510 ,420 ,450 ,540 ,440 ,290 ,260 ,460 ,360 ,340 ,330 ,520 ,470 ,660 ,540 ,410 ,580 ,440 ,290 ,130 ,10 ,0 ,20 ,10 ,10 ,20 ,20,10 ,
1406,N Mariana Island,0 ,0 ,0 ,0 ,0 ,0 ,0 ,0 ,0 ,0 ,0 ,0 ,0 ,0 ,0 ,0 ,0 ,0 ,0 ,0 ,0 ,0 ,0 ,0 ,0 ,0 ,0 ,0 ,0 ,0 ,0 ,0 ,0 ,0 ,0 ,0 ,0 ,0 ,0 ,0 ,0 ,0 ,0 ,0 ,0 ,0 ,0 ,0 ,0 ,0,0 ,
1407,Palau,0 ,0 ,10 ,0 ,0 ,10 ,10 ,10 ,10 ,0 ,0 ,10 ,0 ,10 ,10 ,0 ,0 ,10 ,0 ,10 ,10 ,10 ,10 ,10 ,10 ,0 ,10 ,0 ,0 ,20 ,10 ,0 ,10 ,10 ,0 ,20 ,10 ,10 ,20 ,10 ,0 ,10 ,0 ,0 ,0 ,0 ,0 ,0 ,0 ,0,0 ,
1501,Cook Islands,0 ,0 ,0 ,0 ,0 ,0 ,0 ,0 ,0 ,0 ,0 ,0 ,0 ,0 ,0 ,0 ,0 ,0 ,0 ,0 ,0 ,0 ,0 ,0 ,0 ,0 ,0 ,0 ,0 ,0 ,0 ,0 ,0 ,0 ,0 ,0 ,0 ,0 ,0 ,0 ,0 ,0 ,0 ,0 ,0 ,0 ,0 ,0 ,0 ,0,0 ,
1502,Fiji,"3,340 ","3,350 ","4,220 ","6,800 ","3,800 ","3,710 ","3,370 ","4,030 ","3,130 ","3,050 ","3,230 ","3,510 ","3,750 ","3,760 ","4,640 ","6,880 ","4,320 ","3,710 ","4,080 ","4,280 ","3,540 ","3,300 ","3,370 ","3,700 ","4,290 ","3,680 ","4,980 ","7,450 ","4,390 ","3,930 ","4,010 ","4,270 ","3,890 ","3,660 ","3,530 ","4,280 ","3,970 ","3,940 ","4,840 ","7,150 ","4,380 ","3,840 ","1,950 ",50 ,30 ,40 ,10 ,20 ,20 ,60,230 ,
1503,French Polynesia,0 ,0 ,0 ,0 ,0 ,0 ,0 ,0 ,0 ,0 ,0 ,0 ,0 ,0 ,0 ,0 ,0 ,0 ,0 ,0 ,0 ,0 ,0 ,0 ,0 ,0 ,0 ,0 ,0 ,0 ,0 ,0 ,0 ,0 ,0 ,0 ,0 ,0 ,0 ,0 ,0 ,0 ,0 ,0 ,0 ,0 ,0 ,0 ,0 ,0,0 ,
1504,Niue,0 ,0 ,0 ,0 ,0 ,0 ,0 ,0 ,0 ,0 ,0 ,0 ,0 ,0 ,0 ,0 ,0 ,0 ,0 ,0 ,0 ,0 ,0 ,0 ,0 ,0 ,0 ,0 ,0 ,0 ,0 ,0 ,0 ,0 ,0 ,0 ,0 ,0 ,0 ,0 ,0 ,0 ,0 ,0 ,0 ,0 ,0 ,0 ,0 ,0,0 ,
1505,Samoa,460 ,520 ,560 ,980 ,370 ,360 ,420 ,490 ,400 ,510 ,430 ,490 ,620 ,530 ,550 ,"1,000 ",470 ,460 ,530 ,640 ,520 ,590 ,500 ,640 ,660 ,640 ,700 ,"1,210 ",450 ,560 ,650 ,600 ,670 ,570 ,600 ,570 ,710 ,700 ,760 ,"1,020 ",580 ,580 ,270 ,30 ,10 ,0 ,0 ,0 ,0 ,10,0 ,
1506,Samoa American,0 ,0 ,0 ,0 ,0 ,0 ,0 ,0 ,0 ,0 ,0 ,0 ,0 ,0 ,0 ,0 ,0 ,0 ,0 ,0 ,0 ,0 ,0 ,0 ,0 ,0 ,0 ,0 ,0 ,0 ,0 ,0 ,0 ,0 ,0 ,0 ,0 ,0 ,0 ,0 ,0 ,0 ,0 ,0 ,0 ,0 ,0 ,0 ,0 ,0,0 ,
1507,Tokelau,0 ,0 ,0 ,0 ,0 ,0 ,0 ,0 ,0 ,0 ,0 ,0 ,0 ,0 ,0 ,0 ,0 ,0 ,0 ,0 ,0 ,0 ,0 ,0 ,0 ,0 ,0 ,0 ,0 ,0 ,0 ,0 ,0 ,0 ,0 ,0 ,0 ,0 ,0 ,0 ,0 ,0 ,0 ,0 ,0 ,0 ,0 ,0 ,0 ,0,0 ,
1508,Tonga,940 ,940 ,"1,230 ","1,460 ",950 ,"1,090 ",960 ,"1,030 ","1,230 ","1,210 ",900 ,"1,170 ","1,190 ","1,330 ","1,440 ","1,550 ","1,180 ","1,110 ","1,310 ","1,200 ","1,560 ","1,340 ","1,140 ","1,450 ","1,430 ","1,450 ","1,850 ","2,000 ","1,230 ","1,310 ","1,160 ","1,400 ","1,710 ","1,220 ","1,200 ","1,150 ","1,300 ","1,520 ","2,050 ","1,900 ","1,220 ","1,080 ",660 ,60 ,10 ,10 ,10 ,0 ,0 ,160,140 ,
1511,Tuvalu,20 ,30 ,50 ,30 ,30 ,30 ,40 ,30 ,40 ,20 ,40 ,30 ,30 ,40 ,50 ,20 ,20 ,60 ,40 ,40 ,20 ,50 ,40 ,40 ,30 ,40 ,30 ,40 ,30 ,40 ,50 ,40 ,30 ,30 ,50 ,40 ,20 ,40 ,70 ,60 ,30 ,60 ,20 ,0 ,0 ,0 ,0 ,0 ,0 ,0,0 ,
1512,Wallis/Futuna,0 ,0 ,0 ,0 ,0 ,0 ,0 ,0 ,0 ,0 ,0 ,0 ,0 ,0 ,0 ,0 ,0 ,0 ,0 ,0 ,0 ,0 ,0 ,0 ,0 ,0 ,0 ,0 ,0 ,0 ,0 ,0 ,0 ,0 ,0 ,0 ,0 ,0 ,0 ,0 ,0 ,0 ,0 ,0 ,0 ,0 ,0 ,0 ,0 ,0,0 ,
1513,Pitcairn Island,0 ,0 ,0 ,0 ,0 ,0 ,0 ,0 ,0 ,0 ,0 ,0 ,0 ,0 ,0 ,0 ,0 ,0 ,0 ,0 ,0 ,0 ,0 ,0 ,0 ,0 ,0 ,0 ,0 ,0 ,0 ,0 ,0 ,0 ,0 ,0 ,0 ,0 ,0 ,0 ,0 ,0 ,0 ,0 ,0 ,0 ,0 ,0 ,0 ,0,0 ,
1599,"Polynesia, nec",0 ,0 ,0 ,0 ,0 ,0 ,0 ,0 ,0 ,0 ,0 ,0 ,0 ,0 ,0 ,0 ,0 ,0 ,0 ,0 ,0 ,0 ,0 ,0 ,0 ,0 ,0 ,0 ,0 ,0 ,0 ,0 ,0 ,0 ,0 ,0 ,0 ,0 ,0 ,0 ,0 ,0 ,0 ,0 ,0 ,0 ,0 ,0 ,0 ,0,0 ,
1601,Adelie Land,0 ,0 ,0 ,0 ,0 ,0 ,0 ,0 ,0 ,0 ,0 ,0 ,0 ,0 ,0 ,0 ,0 ,0 ,0 ,0 ,0 ,0 ,0 ,0 ,0 ,0 ,0 ,0 ,0 ,0 ,0 ,0 ,0 ,0 ,0 ,0 ,0 ,0 ,0 ,0 ,0 ,0 ,0 ,0 ,0 ,0 ,0 ,0 ,0 ,0,0 ,
1602,Argentinian A T,0 ,0 ,0 ,0 ,0 ,0 ,0 ,0 ,0 ,0 ,0 ,0 ,0 ,0 ,0 ,0 ,0 ,0 ,0 ,0 ,0 ,0 ,0 ,0 ,0 ,0 ,0 ,0 ,0 ,0 ,0 ,0 ,0 ,0 ,0 ,0 ,0 ,0 ,0 ,0 ,0 ,0 ,0 ,0 ,0 ,0 ,0 ,0 ,0 ,0,0 ,
1603,Australian A T,0 ,0 ,0 ,0 ,0 ,0 ,0 ,0 ,0 ,0 ,0 ,0 ,0 ,0 ,0 ,0 ,0 ,0 ,0 ,0 ,0 ,0 ,0 ,0 ,0 ,0 ,0 ,0 ,0 ,0 ,0 ,0 ,0 ,0 ,0 ,0 ,0 ,0 ,0 ,0 ,0 ,0 ,0 ,0 ,0 ,0 ,0 ,0 ,0 ,0,0 ,
1604,British A T,0 ,0 ,0 ,0 ,0 ,0 ,0 ,0 ,0 ,0 ,0 ,0 ,0 ,0 ,0 ,0 ,0 ,0 ,0 ,0 ,0 ,0 ,0 ,0 ,0 ,0 ,0 ,0 ,0 ,0 ,0 ,0 ,0 ,0 ,0 ,0 ,0 ,0 ,0 ,0 ,0 ,0 ,0 ,0 ,0 ,0 ,0 ,0 ,0 ,0,0 ,
1605,Chilean A T,0 ,0 ,0 ,0 ,0 ,0 ,0 ,0 ,0 ,0 ,0 ,0 ,0 ,0 ,0 ,0 ,0 ,0 ,0 ,0 ,0 ,0 ,0 ,0 ,0 ,0 ,0 ,0 ,0 ,0 ,0 ,0 ,0 ,0 ,0 ,0 ,0 ,0 ,0 ,0 ,0 ,0 ,0 ,0 ,0 ,0 ,0 ,0 ,0 ,0,0 ,
1606,Queen Maud Land (Norway),0 ,0 ,0 ,0 ,0 ,0 ,0 ,0 ,0 ,0 ,0 ,0 ,0 ,0 ,0 ,0 ,0 ,0 ,0 ,0 ,0 ,0 ,0 ,0 ,0 ,0 ,0 ,0 ,0 ,0 ,0 ,0 ,0 ,0 ,0 ,0 ,0 ,0 ,0 ,0 ,0 ,0 ,0 ,0 ,0 ,0 ,0 ,0 ,0 ,0,0 ,
1607,Ross Dependency,0 ,0 ,0 ,0 ,0 ,0 ,0 ,0 ,0 ,0 ,0 ,0 ,0 ,0 ,0 ,0 ,0 ,0 ,0 ,0 ,0 ,0 ,0 ,0 ,0 ,0 ,0 ,0 ,0 ,0 ,0 ,0 ,0 ,0 ,0 ,0 ,0 ,0 ,0 ,0 ,0 ,0 ,0 ,0 ,0 ,0 ,0 ,0 ,0 ,0,0 ,
2100,United Kingdom Channel Islands and Isle of Man,"71,670 ","90,610 ","89,360 ","132,810 ","107,440 ","106,450 ","98,670 ","82,210 ","50,720 ","54,260 ","70,090 ","63,120 ","70,360 ","88,750 ","97,480 ","143,980 ","107,960 ","104,390 ","109,890 ","75,380 ","51,430 ","51,810 ","67,500 ","64,080 ","71,740 ","89,500 ","89,080 ","130,340 ","106,140 ","102,390 ","91,500 ","83,960 ","52,270 ","50,640 ","66,050 ","62,180 ","67,670 ","87,910 ","89,250 ","127,610 ","103,090 ","98,780 ","50,490 ",530 ,540 ,800 ,630 ,640 ,850 ,"1,150","1,270 ",
2201,Ireland,"9,300 ","9,760 ","8,130 ","13,280 ","14,860 ","8,250 ","8,770 ","9,260 ","6,080 ","7,970 ","9,440 ","8,460 ","9,080 ","9,490 ","8,260 ","13,460 ","14,910 ","8,220 ","10,700 ","7,930 ","6,160 ","8,530 ","8,740 ","8,630 ","9,100 ","10,380 ","8,870 ","14,560 ","15,190 ","8,850 ","9,350 ","9,720 ","6,720 ","7,230 ","8,810 ","8,830 ","9,020 ","10,340 ","9,170 ","15,110 ","15,280 ","8,840 ","5,430 ",60 ,70 ,90 ,70 ,90 ,160 ,160,120 ,
2301,Austria,"1,710 ","2,510 ","2,150 ","2,990 ","2,580 ","2,510 ","2,050 ","1,610 ","1,110 ","1,010 ","2,180 ","1,630 ","1,790 ","2,370 ","2,300 ","3,400 ","2,560 ","2,550 ","2,310 ","1,560 ","1,130 ","1,020 ","2,240 ","1,670 ","1,790 ","2,260 ","2,210 ","3,320 ","2,480 ","2,600 ","2,170 ","1,450 ","1,070 ","1,100 ","2,320 ","1,600 ","1,750 ","2,230 ","2,010 ","3,240 ","2,430 ","2,380 ","1,250 ",20 ,0 ,10 ,20 ,10 ,20 ,30,20 ,
2302,Belgium,"2,060 ","2,700 ","2,230 ","3,100 ","2,390 ","2,350 ","2,190 ","1,850 ","1,230 ","1,280 ","2,730 ","1,650 ","2,120 ","2,550 ","2,260 ","3,080 ","2,400 ","2,310 ","2,280 ","1,810 ","1,360 ","1,360 ","2,770 ","1,790 ","2,250 ","2,740 ","2,400 ","3,030 ","2,450 ","2,380 ","2,050 ","2,140 ","1,470 ","1,500 ","2,690 ","1,830 ","2,150 ","2,600 ","2,580 ","2,970 ","2,430 ","2,280 ","1,240 ",10 ,10 ,10 ,10 ,20 ,20 ,30,30 ,
2303,France,"14,950 ","19,740 ","17,340 ","26,710 ","24,380 ","19,790 ","18,340 ","16,320 ","12,510 ","13,200 ","19,880 ","17,210 ","15,870 ","20,420 ","18,680 ","26,850 ","24,280 ","20,890 ","19,690 ","16,850 ","14,160 ","14,050 ","20,200 ","18,170 ","17,300 ","20,590 ","19,150 ","27,270 ","25,370 ","22,480 ","19,690 ","16,990 ","14,480 ","14,740 ","20,010 ","18,820 ","17,630 ","21,580 ","20,800 ","27,390 ","24,330 ","21,020 ","10,730 ",90 ,80 ,110 ,110 ,160 ,150 ,280,240 ,
2304,Germany,"20,040 ","26,820 ","22,260 ","30,170 ","25,660 ","26,860 ","25,460 ","19,550 ","12,560 ","11,740 ","19,080 ","17,700 ","19,850 ","26,230 ","22,790 ","31,570 ","24,320 ","28,720 ","26,430 ","17,030 ","12,780 ","11,810 ","19,800 ","17,170 ","20,270 ","24,750 ","23,680 ","34,080 ","24,630 ","29,840 ","24,720 ","17,900 ","12,380 ","11,810 ","19,180 ","17,030 ","18,860 ","23,940 ","21,950 ","33,350 ","23,820 ","25,510 ","13,990 ",220 ,60 ,130 ,100 ,100 ,130 ,200,220 ,
2305,Liechtenstein,10 ,10 ,10 ,30 ,30 ,20 ,10 ,10 ,10 ,10 ,20 ,10 ,10 ,10 ,20 ,30 ,30 ,20 ,10 ,10 ,10 ,0 ,20 ,10 ,10 ,10 ,20 ,30 ,30 ,20 ,20 ,10 ,10 ,0 ,10 ,10 ,10 ,10 ,10 ,30 ,20 ,10 ,10 ,0 ,0 ,0 ,0 ,0 ,0 ,0,0 ,
2306,Luxembourg,60 ,50 ,70 ,140 ,100 ,80 ,80 ,100 ,30 ,40 ,130 ,190 ,70 ,90 ,80 ,160 ,70 ,110 ,90 ,80 ,40 ,50 ,120 ,160 ,70 ,110 ,100 ,120 ,110 ,120 ,130 ,80 ,50 ,50 ,150 ,140 ,80 ,90 ,120 ,180 ,80 ,100 ,60 ,0 ,0 ,0 ,0 ,0 ,0 ,0,0 ,
2307,Monaco,10 ,0 ,0 ,0 ,0 ,10 ,10 ,0 ,0 ,0 ,10 ,0 ,10 ,10 ,0 ,10 ,0 ,10 ,10 ,0 ,0 ,0 ,10 ,10 ,10 ,10 ,10 ,10 ,0 ,0 ,20 ,10 ,0 ,0 ,10 ,10 ,10 ,0 ,10 ,10 ,10 ,0 ,10 ,0 ,0 ,0 ,0 ,0 ,0 ,0,0 ,
2308,Netherlands,"6,920 ","9,200 ","8,330 ","11,300 ","8,880 ","8,160 ","7,720 ","6,670 ","4,920 ","4,490 ","10,260 ","5,820 ","7,280 ","9,340 ","8,190 ","11,140 ","9,080 ","8,470 ","8,130 ","6,490 ","5,080 ","4,830 ","10,430 ","6,150 ","7,460 ","9,530 ","8,960 ","11,460 ","9,200 ","8,550 ","8,360 ","7,020 ","5,210 ","4,910 ","10,530 ","5,880 ","7,170 ","9,490 ","8,850 ","10,830 ","8,560 ","8,240 ","4,400 ",30 ,50 ,70 ,70 ,50 ,100 ,100,100 ,
2311,Switzerland,"3,600 ","4,990 ","4,590 ","7,590 ","6,140 ","4,900 ","4,710 ","3,900 ","1,980 ","1,860 ","4,260 ","2,240 ","3,640 ","4,660 ","4,790 ","8,380 ","5,610 ","5,150 ","4,580 ","3,320 ","1,890 ","1,790 ","4,400 ","2,310 ","3,960 ","4,570 ","4,570 ","8,320 ","5,660 ","4,910 ","4,360 ","3,520 ","2,070 ","1,800 ","3,980 ","2,240 ","3,430 ","4,260 ","4,320 ","7,440 ","4,970 ","4,370 ","2,520 ",20 ,20 ,10 ,20 ,10 ,20 ,30,20 ,
2401,Denmark,"2,090 ","3,320 ","3,010 ","4,740 ","4,250 ","4,180 ","3,130 ","2,180 ","1,400 ","1,670 ","3,120 ","1,540 ","2,020 ","3,150 ","3,160 ","5,070 ","4,080 ","4,230 ","3,710 ","2,050 ","1,430 ","1,600 ","3,300 ","1,770 ","2,200 ","3,320 ","2,970 ","5,280 ","4,270 ","4,220 ","3,140 ","2,450 ","1,460 ","1,580 ","3,170 ","1,600 ","2,170 ","3,070 ","3,050 ","5,270 ","4,010 ","4,060 ","1,620 ",20 ,30 ,20 ,10 ,20 ,30 ,40,40 ,
2402,Faroe Islands,0 ,0 ,0 ,0 ,0 ,0 ,0 ,0 ,0 ,0 ,0 ,0 ,0 ,0 ,0 ,0 ,0 ,0 ,0 ,0 ,0 ,0 ,0 ,0 ,0 ,0 ,0 ,0 ,0 ,0 ,0 ,0 ,0 ,0 ,0 ,0 ,0 ,0 ,0 ,0 ,0 ,0 ,0 ,0 ,0 ,0 ,0 ,0 ,0 ,0,0 ,
2403,Finland,"1,220 ","1,840 ","1,870 ","3,190 ","2,130 ","2,160 ","1,590 ","1,170 ",820 ,960 ,"1,010 ","1,030 ","1,230 ","1,800 ","2,020 ","3,470 ","2,290 ","2,130 ","1,770 ","1,180 ",760 ,970 ,"1,080 ","1,040 ","1,190 ","1,880 ","2,070 ","3,540 ","2,250 ","2,080 ","1,620 ","1,160 ",810 ,980 ,"1,010 ",960 ,"1,190 ","1,610 ","1,990 ","3,440 ","2,020 ","1,880 ",820 ,10 ,10 ,10 ,20 ,20 ,10 ,20,10 ,
2404,Greenland,0 ,0 ,0 ,0 ,0 ,0 ,0 ,0 ,0 ,0 ,0 ,0 ,0 ,0 ,0 ,0 ,0 ,0 ,0 ,0 ,0 ,0 ,0 ,0 ,0 ,0 ,0 ,0 ,0 ,0 ,0 ,0 ,0 ,0 ,0 ,0 ,0 ,0 ,0 ,0 ,0 ,0 ,0 ,0 ,0 ,0 ,0 ,0 ,0 ,0,0 ,
2405,Iceland,60 ,100 ,90 ,180 ,120 ,140 ,130 ,130 ,70 ,80 ,120 ,60 ,80 ,150 ,120 ,210 ,140 ,180 ,180 ,90 ,70 ,120 ,90 ,60 ,100 ,150 ,130 ,210 ,120 ,170 ,140 ,160 ,90 ,70 ,90 ,80 ,90 ,140 ,100 ,200 ,110 ,140 ,60 ,0 ,0 ,0 ,0 ,0 ,0 ,10,0 ,
2406,Norway,"1,320 ","1,790 ","1,800 ","3,720 ","2,580 ","2,890 ","2,100 ","1,940 ",840 ,"1,410 ","2,690 ","1,170 ","1,470 ","1,970 ","1,890 ","3,980 ","2,490 ","3,110 ","2,850 ","1,550 ",910 ,"1,590 ","2,720 ","1,310 ","1,710 ","1,840 ","2,040 ","4,240 ","2,600 ","2,920 ","1,960 ","1,990 ","1,010 ","1,440 ","2,550 ","1,180 ","1,380 ","1,830 ","2,070 ","4,460 ","2,380 ","2,740 ","1,140 ",20 ,20 ,20 ,20 ,10 ,20 ,30,30 ,
2407,Sweden,"2,840 ","4,510 ","5,080 ","10,020 ","6,760 ","5,880 ","4,330 ","3,250 ","1,840 ","2,310 ","3,010 ","2,200 ","2,740 ","4,430 ","5,120 ","10,490 ","6,590 ","5,800 ","4,710 ","2,680 ","1,670 ","2,240 ","3,110 ","2,350 ","2,930 ","3,970 ","4,510 ","11,350 ","5,820 ","5,750 ","4,020 ","3,000 ","1,740 ","2,060 ","2,880 ","2,220 ","2,550 ","3,850 ","4,070 ","10,400 ","5,620 ","4,930 ","1,990 ",10 ,20 ,20 ,30 ,30 ,30 ,40,50 ,
2408,Aland Islands,0 ,0 ,0 ,0 ,0 ,0 ,0 ,0 ,0 ,0 ,0 ,0 ,0 ,0 ,0 ,0 ,0 ,0 ,0 ,0 ,0 ,0 ,0 ,0 ,0 ,0 ,0 ,0 ,0 ,0 ,0 ,0 ,0 ,0 ,0 ,0 ,0 ,0 ,0 ,0 ,0 ,0 ,0 ,0 ,0 ,0 ,0 ,0 ,0 ,0,0 ,
3101,Andorra,10 ,0 ,10 ,10 ,20 ,0 ,10 ,10 ,0 ,0 ,10 ,20 ,0 ,0 ,0 ,0 ,10 ,10 ,10 ,10 ,0 ,10 ,10 ,10 ,10 ,0 ,0 ,10 ,10 ,10 ,10 ,10 ,0 ,0 ,10 ,10 ,10 ,10 ,0 ,0 ,20 ,10 ,0 ,0 ,0 ,0 ,0 ,0 ,0 ,0,0 ,
3102,Gibraltar,0 ,0 ,0 ,0 ,0 ,0 ,0 ,0 ,0 ,0 ,0 ,0 ,0 ,0 ,0 ,0 ,0 ,0 ,0 ,0 ,0 ,0 ,0 ,0 ,0 ,0 ,0 ,0 ,0 ,0 ,0 ,0 ,0 ,0 ,0 ,0 ,0 ,0 ,0 ,0 ,0 ,0 ,0 ,0 ,0 ,0 ,0 ,0 ,0 ,0,0 ,
3103,Holy See,0 ,0 ,0 ,0 ,0 ,0 ,0 ,0 ,10 ,0 ,10 ,0 ,0 ,0 ,0 ,0 ,0 ,0 ,0 ,0 ,0 ,0 ,0 ,0 ,10 ,0 ,0 ,0 ,0 ,0 ,0 ,0 ,0 ,0 ,0 ,0 ,0 ,0 ,0 ,0 ,0 ,0 ,0 ,0 ,0 ,0 ,0 ,0 ,0 ,0,0 ,
3104,Italy,"9,580 ","9,740 ","8,530 ","13,610 ","10,920 ","8,780 ","8,090 ","6,650 ","5,400 ","5,820 ","9,330 ","10,730 ","9,740 ","9,740 ","8,580 ","13,640 ","11,280 ","8,710 ","8,330 ","6,710 ","5,920 ","6,230 ","9,750 ","11,330 ","9,960 ","9,810 ","9,400 ","13,860 ","10,990 ","8,910 ","8,410 ","6,850 ","6,130 ","6,160 ","9,450 ","11,030 ","9,500 ","9,530 ","9,580 ","14,190 ","10,530 ","8,140 ","4,010 ",40 ,30 ,90 ,50 ,40 ,60 ,130,120 ,
3105,Malta,270 ,220 ,220 ,440 ,290 ,210 ,180 ,170 ,140 ,130 ,250 ,240 ,280 ,210 ,210 ,470 ,310 ,240 ,240 ,150 ,160 ,150 ,240 ,270 ,300 ,280 ,290 ,510 ,320 ,200 ,180 ,170 ,140 ,150 ,210 ,350 ,270 ,260 ,320 ,510 ,300 ,220 ,140 ,0 ,0 ,0 ,0 ,0 ,0 ,0,0 ,
3106,Portugal,"1,400 ","1,340 ","1,300 ","2,380 ","1,640 ","1,500 ","1,240 ","1,410 ",950 ,830 ,"1,340 ","1,520 ","1,370 ","1,450 ","1,510 ","2,380 ","1,700 ","1,650 ","1,430 ","1,190 ",940 ,960 ,"1,550 ","1,880 ","1,590 ","1,550 ","1,750 ","2,470 ","1,680 ","1,660 ","1,430 ","1,530 ","1,010 ","1,080 ","1,610 ","1,770 ","1,420 ","1,540 ","1,450 ","2,480 ","1,760 ","1,510 ",730 ,10 ,10 ,30 ,20 ,10 ,20 ,30,30 ,
3107,San Marino,0 ,10 ,10 ,0 ,10 ,0 ,0 ,0 ,0 ,0 ,0 ,10 ,0 ,0 ,10 ,10 ,0 ,0 ,0 ,0 ,0 ,0 ,10 ,0 ,0 ,10 ,0 ,0 ,0 ,0 ,0 ,0 ,0 ,0 ,0 ,0 ,0 ,0 ,0 ,10 ,0 ,0 ,0 ,0 ,0 ,0 ,0 ,0 ,0 ,0,0 ,
3108,Spain,"4,180 ","5,120 ","4,140 ","5,000 ","4,640 ","3,750 ","3,630 ","3,600 ","2,290 ","2,540 ","4,930 ","4,620 ","4,640 ","5,330 ","4,500 ","5,270 ","5,050 ","4,170 ","4,480 ","3,250 ","2,820 ","2,960 ","4,940 ","5,170 ","4,870 ","5,520 ","4,800 ","5,820 ","5,390 ","4,360 ","4,080 ","3,970 ","3,090 ","2,910 ","5,060 ","5,090 ","4,820 ","5,480 ","4,760 ","5,980 ","5,470 ","4,380 ","2,490 ",10 ,30 ,60 ,40 ,30 ,50 ,80,50 ,
3201,Albania,100 ,40 ,60 ,90 ,50 ,60 ,60 ,40 ,40 ,50 ,50 ,90 ,90 ,60 ,70 ,90 ,80 ,60 ,60 ,40 ,40 ,50 ,70 ,100 ,90 ,60 ,70 ,110 ,70 ,60 ,70 ,70 ,30 ,40 ,50 ,90 ,120 ,60 ,60 ,110 ,90 ,60 ,40 ,0 ,0 ,10 ,0 ,0 ,0 ,0,0 ,
3202,Bosnia and Herzegovina,160 ,120 ,150 ,260 ,170 ,130 ,70 ,90 ,80 ,80 ,90 ,150 ,120 ,100 ,120 ,260 ,170 ,120 ,90 ,100 ,60 ,80 ,80 ,140 ,140 ,120 ,150 ,280 ,190 ,170 ,90 ,60 ,70 ,110 ,100 ,110 ,160 ,110 ,150 ,280 ,160 ,150 ,60 ,0 ,0 ,0 ,0 ,0 ,0 ,0,0 ,
3203,Bulgaria,220 ,220 ,300 ,440 ,350 ,310 ,260 ,220 ,160 ,160 ,170 ,220 ,250 ,270 ,380 ,530 ,460 ,460 ,300 ,280 ,160 ,150 ,180 ,220 ,300 ,320 ,330 ,490 ,340 ,390 ,260 ,210 ,150 ,190 ,180 ,230 ,220 ,260 ,370 ,500 ,330 ,420 ,150 ,0 ,10 ,20 ,10 ,10 ,0 ,10,10 ,
3204,Croatia,320 ,400 ,380 ,880 ,530 ,470 ,370 ,310 ,220 ,210 ,320 ,350 ,320 ,370 ,390 ,930 ,630 ,450 ,400 ,290 ,220 ,210 ,350 ,310 ,340 ,380 ,440 ,890 ,460 ,490 ,390 ,320 ,220 ,290 ,330 ,370 ,400 ,340 ,460 ,940 ,600 ,500 ,210 ,10 ,30 ,40 ,20 ,20 ,10 ,20,20 ,
3205,Cyprus,140 ,170 ,170 ,440 ,200 ,150 ,100 ,140 ,110 ,110 ,160 ,180 ,160 ,170 ,160 ,380 ,180 ,210 ,180 ,150 ,90 ,100 ,170 ,170 ,160 ,220 ,210 ,390 ,200 ,200 ,120 ,130 ,90 ,130 ,160 ,150 ,120 ,150 ,160 ,440 ,170 ,190 ,70 ,0 ,0 ,0 ,0 ,0 ,0 ,10,0 ,
3206,North Macedonia,290 ,300 ,310 ,490 ,270 ,240 ,160 ,140 ,130 ,160 ,170 ,280 ,280 ,300 ,300 ,590 ,250 ,200 ,220 ,170 ,160 ,160 ,190 ,270 ,340 ,270 ,330 ,540 ,300 ,270 ,190 ,150 ,170 ,170 ,180 ,270 ,310 ,240 ,410 ,590 ,240 ,310 ,120 ,10 ,0 ,0 ,0 ,10 ,0 ,0,10 ,
3207,Greece,950 ,970 ,"1,050 ","1,550 ","1,070 ",940 ,730 ,730 ,580 ,550 ,660 ,900 ,"1,050 ",860 ,930 ,"1,730 ","1,070 ",980 ,870 ,700 ,530 ,620 ,710 ,860 ,990 ,890 ,950 ,"1,640 ",990 ,970 ,750 ,660 ,550 ,560 ,700 ,820 ,"1,080 ",880 ,900 ,"1,640 ",890 ,880 ,410 ,20 ,10 ,20 ,40 ,20 ,20 ,20,30 ,
3208,Moldova,20 ,20 ,20 ,40 ,20 ,20 ,20 ,20 ,20 ,20 ,10 ,10 ,20 ,20 ,10 ,30 ,30 ,30 ,20 ,20 ,20 ,20 ,10 ,20 ,20 ,20 ,30 ,40 ,30 ,40 ,10 ,20 ,10 ,20 ,20 ,10 ,20 ,50 ,40 ,50 ,30 ,20 ,20 ,0 ,0 ,0 ,0 ,0 ,0 ,0,0 ,
3211,Romania,450 ,570 ,800 ,"1,040 ",690 ,550 ,510 ,430 ,320 ,320 ,400 ,410 ,480 ,510 ,720 ,"1,120 ",790 ,620 ,580 ,500 ,320 ,340 ,400 ,470 ,490 ,630 ,800 ,"1,290 ",770 ,700 ,610 ,460 ,390 ,340 ,400 ,460 ,560 ,600 ,950 ,"1,310 ",820 ,660 ,310 ,10 ,20 ,30 ,20 ,20 ,20 ,20,30 ,
3212,Slovenia,210 ,290 ,250 ,460 ,300 ,470 ,230 ,270 ,160 ,150 ,250 ,160 ,250 ,320 ,280 ,550 ,390 ,420 ,250 ,210 ,120 ,180 ,210 ,210 ,270 ,240 ,320 ,510 ,360 ,440 ,280 ,160 ,150 ,190 ,250 ,190 ,200 ,260 ,300 ,530 ,370 ,360 ,140 ,10 ,0 ,0 ,0 ,0 ,0 ,0,0 ,
3214,Montenegro,20 ,30 ,30 ,50 ,40 ,30 ,30 ,20 ,10 ,20 ,20 ,30 ,20 ,40 ,20 ,60 ,40 ,30 ,20 ,20 ,10 ,10 ,20 ,30 ,30 ,20 ,30 ,70 ,50 ,30 ,30 ,20 ,10 ,20 ,20 ,30 ,30 ,30 ,20 ,50 ,50 ,30 ,10 ,0 ,0 ,0 ,0 ,0 ,0 ,0,0 ,
3215,Serbia,320 ,310 ,370 ,640 ,500 ,360 ,310 ,220 ,190 ,210 ,250 ,300 ,360 ,370 ,360 ,620 ,510 ,410 ,290 ,270 ,170 ,200 ,290 ,290 ,350 ,300 ,350 ,650 ,500 ,400 ,270 ,210 ,210 ,230 ,270 ,280 ,330 ,370 ,470 ,680 ,570 ,390 ,170 ,0 ,0 ,10 ,10 ,10 ,10 ,20,10 ,
3216,Kosovo,30 ,10 ,30 ,40 ,20 ,20 ,20 ,10 ,10 ,10 ,10 ,30 ,40 ,30 ,20 ,30 ,20 ,20 ,10 ,10 ,0 ,10 ,10 ,20 ,40 ,30 ,20 ,30 ,20 ,20 ,10 ,10 ,20 ,10 ,20 ,30 ,40 ,30 ,10 ,30 ,20 ,20 ,10 ,0 ,0 ,0 ,0 ,0 ,0 ,0,0 ,
3301,Belarus,80 ,80 ,90 ,120 ,130 ,90 ,80 ,60 ,70 ,70 ,80 ,100 ,80 ,80 ,100 ,130 ,120 ,90 ,100 ,70 ,60 ,70 ,80 ,80 ,80 ,100 ,110 ,140 ,150 ,90 ,100 ,90 ,80 ,70 ,110 ,70 ,80 ,110 ,120 ,190 ,130 ,110 ,70 ,0 ,0 ,0 ,0 ,0 ,0 ,0,10 ,
3302,Czech Republic,940 ,"1,090 ","1,260 ","1,580 ","1,640 ","1,550 ","1,140 ",900 ,610 ,580 ,920 ,820 ,"1,050 ","1,050 ","1,340 ","1,870 ","1,840 ","1,560 ","1,290 ",830 ,660 ,720 ,910 ,870 ,"1,070 ","1,220 ","1,470 ","1,990 ","1,890 ","1,870 ","1,330 ",990 ,680 ,690 ,860 ,900 ,"1,070 ","1,290 ","1,310 ","1,970 ","1,730 ","1,690 ",680 ,10 ,0 ,10 ,10 ,20 ,10 ,20,20 ,
3303,Estonia,530 ,600 ,610 ,570 ,580 ,630 ,500 ,330 ,280 ,310 ,350 ,530 ,650 ,550 ,680 ,640 ,730 ,680 ,570 ,380 ,270 ,270 ,310 ,600 ,630 ,650 ,680 ,740 ,750 ,580 ,540 ,370 ,280 ,280 ,420 ,620 ,490 ,550 ,600 ,720 ,670 ,570 ,270 ,10 ,0 ,0 ,10 ,10 ,10 ,10,10 ,
3304,Hungary,580 ,710 ,"1,000 ","1,400 ","1,150 ","1,170 ",860 ,660 ,420 ,430 ,610 ,580 ,650 ,790 ,910 ,"1,450 ","1,280 ","1,140 ",850 ,580 ,380 ,410 ,600 ,630 ,610 ,780 ,910 ,"1,430 ","1,190 ","1,150 ",810 ,590 ,450 ,470 ,640 ,570 ,600 ,740 ,950 ,"1,550 ","1,160 ","1,000 ",480 ,10 ,0 ,10 ,10 ,10 ,10 ,10,10 ,
3305,Latvia,100 ,160 ,290 ,400 ,210 ,200 ,120 ,110 ,150 ,80 ,120 ,140 ,130 ,160 ,200 ,270 ,220 ,300 ,180 ,110 ,90 ,100 ,100 ,110 ,140 ,140 ,240 ,410 ,230 ,210 ,180 ,140 ,80 ,110 ,170 ,100 ,120 ,200 ,250 ,330 ,290 ,230 ,120 ,0 ,0 ,20 ,0 ,10 ,10 ,10,0 ,
3306,Lithuania,230 ,230 ,260 ,390 ,320 ,360 ,330 ,290 ,200 ,130 ,230 ,210 ,290 ,330 ,390 ,450 ,360 ,460 ,390 ,250 ,180 ,190 ,310 ,260 ,280 ,370 ,410 ,500 ,420 ,450 ,480 ,280 ,230 ,220 ,280 ,300 ,300 ,330 ,370 ,490 ,420 ,430 ,260 ,0 ,0 ,10 ,10 ,0 ,0 ,10,10 ,
3307,Poland,"1,800 ","2,380 ","2,930 ","3,290 ","3,040 ","3,070 ","2,070 ","1,700 ","1,260 ","1,230 ","1,560 ","1,730 ","1,750 ","2,430 ","2,850 ","3,580 ","3,510 ","2,820 ","2,270 ","1,760 ","1,190 ","1,460 ","1,770 ","1,880 ","2,070 ","2,340 ","3,440 ","3,750 ","3,510 ","3,410 ","2,720 ","1,720 ","1,380 ","1,460 ","1,730 ","1,930 ","1,980 ","2,570 ","3,680 ","4,060 ","3,530 ","3,400 ","1,400 ",20 ,30 ,60 ,30 ,40 ,10 ,50,40 ,
3308,Russian Federation,"1,390 ","1,750 ","1,700 ","3,360 ","2,580 ","2,180 ","1,880 ","1,690 ","1,290 ","1,110 ","1,780 ","1,660 ","1,650 ","1,800 ","1,960 ","3,750 ","2,910 ","2,220 ","2,100 ","1,600 ","1,190 ","1,400 ","1,960 ","1,770 ","1,900 ","1,860 ","2,280 ","4,050 ","3,010 ","2,320 ","2,180 ","1,800 ","1,450 ","1,470 ","1,930 ","1,740 ","1,860 ","2,180 ","2,270 ","4,250 ","3,010 ","2,520 ","1,400 ",20 ,30 ,40 ,30 ,30 ,20 ,50,60 ,
3311,Slovakia,480 ,500 ,550 ,"1,060 ",910 ,780 ,610 ,500 ,360 ,290 ,410 ,490 ,580 ,490 ,560 ,"1,100 ",970 ,730 ,560 ,490 ,290 ,350 ,440 ,480 ,480 ,570 ,670 ,"1,090 ",960 ,730 ,600 ,470 ,330 ,380 ,410 ,470 ,480 ,510 ,690 ,"1,050 ",860 ,760 ,270 ,0 ,0 ,0 ,10 ,0 ,10 ,0,0 ,
3312,Ukraine,470 ,530 ,560 ,710 ,600 ,500 ,480 ,500 ,370 ,360 ,470 ,430 ,520 ,600 ,570 ,810 ,600 ,590 ,520 ,470 ,330 ,430 ,450 ,540 ,520 ,680 ,640 ,970 ,720 ,710 ,620 ,440 ,470 ,390 ,550 ,550 ,560 ,570 ,640 ,820 ,750 ,690 ,390 ,10 ,20 ,100 ,80 ,100 ,60 ,70,60 ,
4101,Algeria,20 ,20 ,30 ,30 ,20 ,30 ,30 ,20 ,30 ,10 ,40 ,30 ,30 ,30 ,30 ,50 ,30 ,50 ,40 ,30 ,20 ,20 ,30 ,30 ,30 ,40 ,20 ,40 ,50 ,30 ,30 ,20 ,30 ,20 ,60 ,30 ,30 ,40 ,20 ,30 ,30 ,20 ,20 ,0 ,0 ,0 ,0 ,0 ,0 ,0,0 ,
4102,Egypt,670 ,740 ,590 ,780 ,940 ,830 ,480 ,640 ,640 ,550 ,750 ,700 ,620 ,820 ,730 ,870 ,"1,160 ",830 ,630 ,680 ,520 ,600 ,940 ,820 ,840 ,820 ,750 ,960 ,"1,220 ",880 ,640 ,690 ,650 ,730 ,960 ,900 ,790 ,870 ,790 ,990 ,"1,220 ",920 ,420 ,10 ,20 ,20 ,50 ,50 ,40 ,80,60 ,
4103,Libya,10 ,10 ,10 ,20 ,10 ,10 ,10 ,10 ,10 ,10 ,10 ,0 ,10 ,10 ,10 ,0 ,20 ,10 ,20 ,10 ,10 ,10 ,30 ,10 ,10 ,10 ,20 ,20 ,40 ,20 ,10 ,10 ,10 ,10 ,10 ,10 ,10 ,20 ,0 ,10 ,20 ,0 ,10 ,0 ,0 ,0 ,0 ,0 ,10 ,0,0 ,
4104,Morocco,60 ,60 ,60 ,90 ,100 ,80 ,60 ,60 ,60 ,50 ,100 ,110 ,80 ,80 ,80 ,110 ,110 ,100 ,80 ,100 ,50 ,70 ,100 ,80 ,110 ,100 ,100 ,100 ,140 ,140 ,80 ,100 ,60 ,90 ,80 ,100 ,130 ,120 ,90 ,120 ,170 ,90 ,40 ,0 ,0 ,0 ,0 ,0 ,0 ,10,0 ,
4105,Sudan,80 ,50 ,90 ,70 ,110 ,110 ,80 ,70 ,60 ,50 ,100 ,60 ,90 ,90 ,70 ,90 ,150 ,130 ,100 ,90 ,60 ,90 ,90 ,80 ,100 ,120 ,80 ,80 ,160 ,170 ,90 ,120 ,90 ,90 ,90 ,130 ,100 ,70 ,90 ,70 ,170 ,180 ,90 ,10 ,10 ,10 ,10 ,10 ,10 ,10,0 ,
4106,Tunisia,40 ,40 ,30 ,40 ,30 ,30 ,30 ,40 ,20 ,10 ,30 ,40 ,30 ,40 ,30 ,40 ,40 ,40 ,40 ,40 ,20 ,20 ,30 ,20 ,40 ,30 ,20 ,30 ,40 ,30 ,40 ,30 ,30 ,30 ,20 ,50 ,50 ,30 ,40 ,50 ,20 ,30 ,10 ,0 ,0 ,0 ,0 ,0 ,0 ,0,0 ,
4107,Western Sahara,0 ,0 ,0 ,0 ,0 ,0 ,0 ,0 ,0 ,0 ,0 ,0 ,0 ,0 ,0 ,0 ,0 ,0 ,0 ,0 ,0 ,0 ,0 ,0 ,0 ,0 ,0 ,0 ,0 ,0 ,0 ,0 ,0 ,0 ,0 ,0 ,0 ,0 ,0 ,0 ,0 ,0 ,0 ,0 ,0 ,0 ,0 ,0 ,0 ,0,0 ,
4108,Sp North Africa,0 ,0 ,0 ,0 ,0 ,0 ,0 ,0 ,0 ,0 ,0 ,0 ,0 ,0 ,0 ,0 ,0 ,0 ,0 ,0 ,0 ,0 ,0 ,0 ,0 ,0 ,0 ,0 ,0 ,0 ,0 ,0 ,0 ,0 ,0 ,0 ,0 ,0 ,0 ,0 ,0 ,0 ,0 ,0 ,0 ,0 ,0 ,0 ,0 ,0,0 ,
4111,South Sudan,60 ,80 ,40 ,90 ,40 ,90 ,60 ,50 ,30 ,40 ,20 ,20 ,40 ,30 ,30 ,40 ,30 ,40 ,40 ,20 ,30 ,20 ,20 ,20 ,20 ,30 ,30 ,30 ,20 ,20 ,30 ,20 ,10 ,30 ,20 ,20 ,20 ,20 ,20 ,30 ,30 ,30 ,20 ,0 ,0 ,0 ,0 ,0 ,0 ,0,0 ,
4201,Bahrain,40 ,30 ,20 ,40 ,60 ,70 ,30 ,60 ,30 ,30 ,70 ,120 ,30 ,30 ,30 ,50 ,40 ,60 ,60 ,50 ,20 ,60 ,120 ,60 ,30 ,30 ,30 ,40 ,40 ,50 ,50 ,40 ,10 ,40 ,90 ,100 ,40 ,40 ,40 ,50 ,30 ,30 ,30 ,0 ,0 ,0 ,0 ,0 ,0 ,0,0 ,
4202,Gaza Str/W Bank,0 ,0 ,0 ,0 ,0 ,0 ,0 ,0 ,0 ,0 ,0 ,0 ,0 ,0 ,0 ,0 ,0 ,0 ,0 ,0 ,0 ,0 ,0 ,0 ,0 ,0 ,0 ,0 ,0 ,0 ,0 ,0 ,0 ,0 ,0 ,0 ,0 ,0 ,0 ,0 ,0 ,0 ,0 ,0 ,0 ,0 ,0 ,0 ,0 ,0,0 ,
4203,Iran,"2,130 ","2,170 ","2,060 ","3,070 ","2,400 ","2,290 ","3,980 ","2,200 ","1,660 ","1,540 ","2,190 ","2,200 ","2,480 ","2,170 ","2,060 ","3,470 ","2,690 ","2,410 ","4,210 ","2,380 ","1,810 ","1,620 ","2,150 ","2,100 ","2,220 ","2,220 ","2,230 ","2,480 ","2,370 ","2,060 ","2,590 ","2,420 ","2,000 ","1,600 ","1,990 ","2,090 ","2,110 ","1,970 ","2,320 ","2,600 ","2,410 ","1,980 ",570 ,70 ,60 ,90 ,50 ,60 ,80 ,110,70 ,
4204,Iraq,"1,150 ","1,180 ","1,330 ","1,370 ",710 ,"1,480 ","1,150 ","1,020 ",840 ,450 ,470 ,780 ,860 ,670 ,510 ,620 ,610 ,630 ,570 ,550 ,670 ,650 ,670 ,950 ,850 ,770 ,610 ,620 ,510 ,630 ,"1,030 ",820 ,"1,660 ","1,530 ","1,220 ","1,210 ",900 ,"1,170 ","1,220 ","1,130 ",970 ,960 ,830 ,10 ,20 ,50 ,20 ,10 ,30 ,30,20 ,
4205,Israel,"1,280 ","1,200 ","1,050 ","1,510 ","1,360 ","1,310 ","1,290 ","1,160 ",710 ,650 ,"1,030 ",980 ,"1,200 ","1,080 ","1,080 ","1,650 ","1,460 ","1,420 ","1,520 ",960 ,720 ,730 ,"1,100 ",900 ,"1,330 ","1,080 ","1,150 ","1,750 ","1,420 ","1,290 ","1,140 ","1,260 ",840 ,640 ,"1,150 ",850 ,"1,340 ","1,420 ","1,140 ","1,830 ","1,440 ","1,270 ",560 ,0 ,0 ,10 ,0 ,10 ,10 ,20,30 ,
4206,Jordan,300 ,330 ,320 ,430 ,360 ,370 ,280 ,300 ,240 ,230 ,450 ,350 ,360 ,350 ,330 ,540 ,460 ,350 ,350 ,340 ,240 ,240 ,430 ,410 ,340 ,380 ,300 ,420 ,450 ,340 ,290 ,280 ,220 ,280 ,400 ,410 ,290 ,360 ,360 ,410 ,460 ,310 ,160 ,10 ,10 ,20 ,10 ,10 ,10 ,10,30 ,
4207,Kuwait,150 ,170 ,120 ,160 ,310 ,620 ,300 ,200 ,100 ,190 ,900 ,710 ,140 ,130 ,120 ,160 ,260 ,480 ,220 ,180 ,70 ,170 ,740 ,480 ,100 ,140 ,140 ,160 ,160 ,360 ,180 ,120 ,60 ,260 ,710 ,490 ,110 ,100 ,150 ,160 ,170 ,290 ,80 ,0 ,0 ,0 ,0 ,0 ,0 ,0,0 ,
4208,Lebanon,990 ,"1,040 ",930 ,"1,290 ",910 ,920 ,700 ,800 ,900 ,630 ,870 ,"1,040 ","1,100 ","1,060 ",900 ,"1,510 ","1,180 ",890 ,860 ,850 ,"1,070 ",680 ,890 ,"1,120 ","1,270 ","1,150 ","1,020 ","1,380 ","1,120 ","1,050 ",740 ,800 ,770 ,780 ,830 ,"1,110 ","1,130 ",930 ,970 ,"1,180 ",850 ,740 ,490 ,30 ,20 ,20 ,40 ,60 ,30 ,20,40 ,
4211,Oman,110 ,170 ,170 ,180 ,320 ,570 ,160 ,130 ,100 ,150 ,700 ,140 ,120 ,170 ,90 ,180 ,280 ,570 ,170 ,110 ,50 ,200 ,550 ,170 ,110 ,140 ,110 ,140 ,280 ,520 ,280 ,90 ,60 ,230 ,490 ,190 ,140 ,150 ,70 ,200 ,230 ,580 ,200 ,0 ,0 ,0 ,0 ,0 ,0 ,10,10 ,
4212,Qatar,40 ,40 ,20 ,20 ,30 ,50 ,30 ,30 ,30 ,40 ,210 ,130 ,20 ,40 ,30 ,10 ,30 ,30 ,30 ,30 ,10 ,100 ,430 ,170 ,80 ,40 ,30 ,50 ,40 ,30 ,50 ,20 ,20 ,140 ,460 ,220 ,20 ,70 ,30 ,30 ,20 ,40 ,0 ,0 ,0 ,0 ,10 ,0 ,0 ,0,0 ,
4213,Saudi Arabia,790 ,910 ,730 ,860 ,"1,810 ","3,850 ","1,360 ",920 ,680 ,920 ,"3,110 ","1,520 ",780 ,710 ,620 ,870 ,"2,330 ","3,160 ","1,180 ",710 ,720 ,"1,320 ","3,050 ","1,440 ",780 ,860 ,680 ,890 ,"2,220 ","3,860 ","1,620 ","1,120 ",790 ,"1,780 ","2,850 ","1,450 ",800 ,920 ,830 ,820 ,"2,280 ","3,750 ","1,010 ",0 ,0 ,20 ,0 ,0 ,10 ,30,20 ,
4214,Syria,"1,180 ","1,070 ","1,040 ","1,070 ",430 ,870 ,640 ,520 ,330 ,230 ,280 ,650 ,580 ,330 ,330 ,290 ,380 ,390 ,330 ,380 ,480 ,370 ,400 ,440 ,380 ,350 ,230 ,270 ,390 ,310 ,440 ,350 ,470 ,350 ,280 ,420 ,390 ,330 ,230 ,230 ,390 ,290 ,180 ,10 ,10 ,10 ,10 ,10 ,30 ,10,20 ,
4215,Turkey,"1,010 ","1,020 ",980 ,"1,310 ","1,030 ","1,150 ",830 ,690 ,640 ,690 ,"1,010 ",930 ,"1,130 ","1,040 ","1,120 ","1,350 ","1,260 ","1,110 ",780 ,730 ,660 ,690 ,990 ,"1,030 ","1,080 ","1,080 ","1,020 ","1,190 ","1,160 ",970 ,810 ,700 ,620 ,810 ,970 ,"1,010 ","1,120 ","1,100 ","1,030 ","1,250 ","1,060 ","1,000 ",440 ,10 ,10 ,30 ,20 ,30 ,40 ,80,60 ,
4216,United Arab Emirates,260 ,280 ,150 ,140 ,240 ,330 ,330 ,200 ,170 ,450 ,"3,020 ","1,490 ",280 ,200 ,200 ,230 ,230 ,310 ,300 ,270 ,130 ,380 ,"2,850 ","1,580 ",260 ,190 ,190 ,140 ,230 ,270 ,290 ,200 ,80 ,360 ,"2,700 ","1,470 ",170 ,210 ,170 ,210 ,200 ,280 ,120 ,0 ,0 ,10 ,10 ,10 ,10 ,10,0 ,
4217,Yemen,20 ,20 ,10 ,20 ,30 ,30 ,30 ,30 ,20 ,30 ,30 ,40 ,20 ,30 ,30 ,50 ,40 ,30 ,30 ,30 ,30 ,30 ,80 ,50 ,40 ,30 ,40 ,40 ,60 ,50 ,30 ,30 ,20 ,30 ,40 ,40 ,40 ,50 ,20 ,40 ,50 ,40 ,20 ,0 ,10 ,0 ,0 ,0 ,0 ,10,10 ,
5101,Myanmar (Republic of the Union of Myanmar),790 ,960 ,760 ,"1,000 ","1,060 ","1,480 ",870 ,"1,450 ",820 ,910 ,"1,160 ",820 ,800 ,950 ,930 ,980 ,"1,240 ","1,330 ","1,100 ","1,450 ",970 ,940 ,"1,450 ","1,220 ",850 ,930 ,"1,040 ","1,260 ","1,160 ","1,630 ","1,270 ","1,500 ","1,140 ","1,120 ","1,280 ","1,200 ","1,100 ","1,250 ","1,280 ","1,220 ","1,380 ","1,660 ",800 ,10 ,40 ,10 ,30 ,30 ,10 ,20,40 ,
5102,Cambodia,"1,080 ","1,130 ","1,040 ","1,230 ","1,200 ","1,390 ",910 ,"1,490 ",850 ,970 ,"1,440 ","1,060 ","1,210 ","1,100 ","1,000 ","1,490 ","1,720 ","1,580 ","1,400 ","1,820 ","1,240 ","1,030 ","1,480 ","1,610 ","1,240 ","1,660 ","1,280 ","1,540 ","1,920 ","2,130 ","1,320 ","2,350 ","1,500 ","1,440 ","1,870 ","1,730 ","1,780 ","1,510 ","1,500 ","1,880 ","1,960 ","2,240 ",910 ,20 ,0 ,0 ,20 ,20 ,10 ,10,20 ,
5103,Laos,240 ,180 ,190 ,360 ,240 ,250 ,170 ,290 ,150 ,230 ,310 ,190 ,190 ,170 ,220 ,270 ,310 ,250 ,340 ,330 ,200 ,250 ,340 ,210 ,220 ,220 ,170 ,290 ,250 ,270 ,240 ,200 ,200 ,320 ,380 ,330 ,210 ,220 ,240 ,320 ,290 ,350 ,150 ,0 ,10 ,0 ,0 ,0 ,0 ,0,10 ,
5104,Thailand,"7,870 ","9,130 ","7,330 ","8,580 ","7,250 ","8,270 ","8,270 ","15,060 ","9,080 ","7,520 ","8,960 ","7,820 ","9,110 ","9,070 ","7,490 ","8,650 ","7,700 ","7,580 ","9,160 ","14,720 ","9,790 ","8,070 ","9,660 ","8,740 ","7,760 ","10,210 ","7,570 ","8,740 ","7,530 ","7,900 ","9,090 ","14,890 ","10,440 ","8,130 ","9,790 ","10,420 ","8,120 ","10,760 ","8,310 ","9,380 ","7,410 ","7,650 ","4,280 ",70 ,100 ,100 ,30 ,40 ,60 ,80,120 ,
5105,Vietnam,"7,490 ","8,910 ","7,510 ","8,620 ","10,250 ","16,710 ","9,340 ","9,220 ","8,790 ","11,190 ","14,190 ","10,020 ","9,790 ","10,820 ","10,160 ","11,200 ","11,440 ","17,370 ","15,020 ","11,150 ","10,230 ","12,560 ","15,890 ","12,340 ","10,790 ","12,610 ","10,460 ","12,060 ","12,830 ","21,680 ","13,410 ","11,540 ","11,380 ","14,750 ","18,470 ","13,970 ","12,590 ","13,680 ","12,790 ","12,170 ","16,140 ","23,330 ","7,650 ",40 ,30 ,70 ,70 ,100 ,120 ,230,240 ,
5201,Brunei Darussalam,370 ,350 ,380 ,620 ,340 ,610 ,440 ,400 ,360 ,570 ,680 ,330 ,370 ,310 ,420 ,530 ,340 ,560 ,580 ,320 ,310 ,610 ,620 ,470 ,480 ,340 ,590 ,570 ,280 ,520 ,510 ,350 ,420 ,490 ,670 ,510 ,540 ,440 ,510 ,730 ,350 ,560 ,160 ,0 ,0 ,0 ,0 ,0 ,0 ,0,0 ,
5202,Indonesia,"15,630 ","17,450 ","15,340 ","28,170 ","16,770 ","20,150 ","16,310 ","18,050 ","15,040 ","33,830 ","24,840 ","16,580 ","18,100 ","18,070 ","18,210 ","25,290 ","18,050 ","20,660 ","19,510 ","17,470 ","16,780 ","40,770 ","24,410 ","19,840 ","18,210 ","19,390 ","17,930 ","27,350 ","18,760 ","22,080 ","19,570 ","17,870 ","26,720 ","37,590 ","26,130 ","21,120 ","19,570 ","20,440 ","18,820 ","27,700 ","18,520 ","22,810 ","10,030 ",270 ,100 ,210 ,200 ,80 ,140 ,180,270 ,
5203,Malaysia,"53,350 ","42,380 ","47,620 ","53,450 ","32,530 ","46,700 ","44,680 ","44,200 ","52,140 ","46,250 ","40,510 ","54,540 ","42,250 ","42,060 ","46,690 ","48,010 ","29,260 ","44,820 ","44,200 ","39,510 ","42,340 ","49,710 ","41,890 ","52,020 ","47,580 ","38,410 ","48,970 ","47,050 ","28,170 ","45,660 ","39,340 ","36,670 ","51,730 ","41,790 ","40,860 ","55,970 ","43,210 ","40,380 ","46,010 ","45,850 ","30,660 ","36,860 ","13,990 ",220 ,80 ,70 ,290 ,150 ,120 ,190,210 ,
5204,Philippines,"13,120 ","13,390 ","11,930 ","15,080 ","16,840 ","13,980 ","13,680 ","19,400 ","17,330 ","15,690 ","14,040 ","13,700 ","13,790 ","15,290 ","14,180 ","16,600 ","19,000 ","14,390 ","16,280 ","18,180 ","18,450 ","18,360 ","16,840 ","17,280 ","16,620 ","18,750 ","16,590 ","19,510 ","21,460 ","16,760 ","17,160 ","23,070 ","23,010 ","20,480 ","19,120 ","19,160 ","17,840 ","19,800 ","16,470 ","18,780 ","20,050 ","17,000 ","8,650 ",360 ,250 ,290 ,220 ,150 ,240 ,340,490 ,
5205,Singapore,"31,580 ","25,510 ","36,240 ","42,320 ","16,800 ","22,920 ","28,160 ","24,690 ","31,260 ","41,840 ","24,740 ","28,090 ","27,600 ","25,140 ","37,320 ","37,780 ","15,260 ","24,920 ","29,440 ","23,250 ","31,800 ","41,490 ","25,770 ","30,080 ","26,920 ","23,970 ","37,840 ","38,940 ","16,060 ","25,020 ","27,590 ","22,470 ","32,110 ","49,950 ","26,700 ","33,690 ","29,740 ","26,580 ","39,050 ","37,260 ","17,520 ","19,870 ","9,940 ",60 ,110 ,140 ,140 ,130 ,120 ,270,130 ,
5206,Timor-Leste,200 ,240 ,240 ,300 ,230 ,280 ,190 ,310 ,280 ,250 ,210 ,250 ,180 ,370 ,360 ,350 ,220 ,260 ,280 ,350 ,330 ,350 ,290 ,240 ,340 ,530 ,540 ,330 ,310 ,280 ,360 ,370 ,410 ,330 ,410 ,300 ,300 ,530 ,780 ,440 ,340 ,390 ,160 ,0 ,0 ,0 ,0 ,0 ,0 ,10,0 ,
6101,China (excludes SARs and Taiwan),"103,400 ","112,500 ","118,540 ","115,720 ","196,760 ","189,290 ","133,730 ","128,800 ","102,130 ","99,850 ","184,510 ","138,090 ","119,140 ","133,590 ","126,240 ","133,200 ","160,930 ","265,220 ","154,260 ","142,800 ","114,890 ","104,080 ","194,640 ","143,850 ","121,580 ","139,860 ","130,640 ","136,670 ","188,590 ","252,850 ","151,630 ","132,360 ","123,570 ","107,030 ","187,830 ","153,180 ","124,330 ","137,930 ","128,210 ","133,030 ","202,840 ","50,750 ","38,090 ",320 ,620 ,"1,190 ",620 ,630 ,780 ,990,"1,190 ",
6102,Hong Kong (SAR of China),"12,500 ","15,070 ","14,170 ","21,970 ","18,920 ","19,270 ","14,510 ","25,770 ","14,360 ","13,580 ","21,780 ","23,370 ","14,870 ","17,010 ","15,880 ","23,270 ","13,870 ","29,230 ","27,650 ","17,100 ","14,570 ","16,200 ","25,670 ","24,580 ","16,120 ","17,530 ","16,790 ","25,690 ","15,430 ","31,140 ","18,170 ","23,830 ","17,730 ","17,150 ","27,150 ","28,760 ","16,520 ","17,380 ","17,810 ","26,120 ","23,270 ","19,820 ","5,370 ",30 ,40 ,90 ,80 ,100 ,100 ,100,130 ,
6103,Macau (SAR of China),360 ,490 ,320 ,560 ,630 ,680 ,390 ,440 ,340 ,340 ,940 ,780 ,350 ,480 ,380 ,620 ,430 ,960 ,440 ,600 ,320 ,340 ,"1,060 ",750 ,390 ,470 ,350 ,700 ,430 ,880 ,440 ,500 ,440 ,410 ,"1,010 ",950 ,430 ,480 ,370 ,690 ,630 ,530 ,80 ,0 ,0 ,0 ,0 ,0 ,0 ,0,0 ,
6104,Mongolia,260 ,300 ,300 ,490 ,390 ,540 ,450 ,350 ,380 ,410 ,530 ,590 ,450 ,550 ,560 ,630 ,640 ,530 ,460 ,450 ,430 ,560 ,670 ,920 ,700 ,790 ,870 ,900 ,850 ,720 ,660 ,510 ,530 ,590 ,810 ,"1,070 ",710 ,690 ,620 ,890 ,750 ,530 ,160 ,0 ,0 ,10 ,0 ,10 ,10 ,0,0 ,
6105,Taiwan,"16,130 ","14,450 ","14,020 ","13,030 ","14,540 ","18,200 ","14,830 ","14,640 ","14,140 ","15,260 ","17,430 ","18,940 ","15,160 ","17,030 ","13,420 ","17,380 ","15,640 ","21,580 ","19,240 ","16,780 ","17,160 ","17,210 ","20,330 ","18,740 ","16,650 ","15,920 ","14,570 ","15,690 ","16,300 ","23,090 ","17,060 ","14,730 ","15,940 ","17,600 ","18,200 ","21,600 ","16,290 ","17,640 ","15,400 ","14,560 ","20,000 ","16,030 ","3,750 ",30 ,40 ,100 ,60 ,40 ,40 ,60,40 ,
6201,Japan,"37,980 ","40,620 ","42,460 ","45,250 ","35,600 ","44,710 ","53,350 ","28,350 ","28,160 ","25,920 ","40,270 ","55,800 ","37,530 ","39,500 ","43,420 ","46,880 ","38,000 ","45,610 ","53,140 ","30,730 ","29,670 ","26,870 ","42,110 ","60,340 ","39,690 ","42,670 ","44,280 ","50,680 ","34,500 ","46,630 ","54,860 ","36,070 ","31,050 ","27,520 ","45,060 ","62,750 ","42,690 ","43,030 ","46,490 ","53,890 ","38,840 ","44,940 ","14,090 ",60 ,110 ,100 ,120 ,160 ,150 ,160,300 ,
6202,Korea Democratic People's Republic of (North),0 ,0 ,20 ,0 ,0 ,0 ,0 ,0 ,0 ,0 ,0 ,0 ,0 ,0 ,0 ,0 ,0 ,0 ,0 ,0 ,0 ,0 ,0 ,0 ,0 ,0 ,0 ,0 ,0 ,0 ,0 ,0 ,0 ,0 ,0 ,0 ,0 ,0 ,0 ,0 ,0 ,0 ,0 ,0 ,0 ,0 ,0 ,0 ,0 ,0,0 ,
6203,Korea Republic of (South),"23,360 ","24,220 ","27,880 ","31,570 ","36,570 ","31,520 ","26,120 ","26,310 ","23,240 ","21,180 ","24,300 ","23,740 ","29,550 ","32,040 ","30,320 ","36,360 ","40,480 ","30,370 ","29,980 ","26,100 ","23,670 ","23,290 ","26,020 ","27,360 ","26,660 ","27,530 ","30,580 ","35,230 ","39,020 ","37,040 ","31,540 ","23,090 ","24,370 ","24,560 ","26,940 ","26,680 ","25,120 ","27,190 ","32,230 ","38,120 ","38,050 ","27,440 ","4,060 ",30 ,80 ,100 ,110 ,120 ,100 ,130,130 ,
7101,Bangladesh,"2,080 ","2,060 ","1,580 ","2,640 ","2,420 ","3,630 ","2,750 ","2,280 ","1,850 ","1,810 ","3,200 ","2,140 ","2,460 ","1,960 ","2,120 ","2,880 ","3,040 ","4,100 ","3,110 ","2,400 ","2,070 ","2,580 ","3,210 ","2,590 ","2,510 ","2,150 ","2,050 ","3,070 ","2,820 ","4,180 ","3,360 ","2,460 ","2,350 ","2,390 ","3,040 ","3,030 ","2,420 ","2,270 ","2,400 ","3,360 ","2,970 ","4,620 ","2,250 ",60 ,70 ,60 ,30 ,30 ,50 ,60,70 ,
7102,Bhutan,150 ,190 ,160 ,180 ,430 ,390 ,180 ,190 ,280 ,230 ,450 ,250 ,150 ,230 ,190 ,240 ,540 ,610 ,290 ,260 ,220 ,330 ,530 ,320 ,180 ,250 ,190 ,340 ,590 ,850 ,400 ,310 ,280 ,370 ,630 ,380 ,260 ,300 ,400 ,470 ,660 ,"1,030 ",320 ,0 ,0 ,10 ,0 ,0 ,0 ,0,0 ,
7103,India,"32,430 ","34,550 ","41,690 ","47,260 ","46,200 ","56,850 ","46,580 ","43,970 ","47,840 ","39,800 ","39,620 ","38,900 ","37,750 ","41,170 ","46,210 ","54,280 ","58,530 ","62,910 ","59,140 ","52,370 ","56,230 ","47,600 ","49,690 ","44,670 ","44,330 ","45,220 ","54,060 ","61,140 ","62,710 ","75,070 ","64,000 ","53,450 ","62,220 ","53,800 ","53,630 ","53,180 ","49,520 ","47,500 ","60,460 ","66,250 ","62,870 ","79,100 ","38,980 ",990 ,"1,310 ","1,370 ",480 ,620 ,700 ,"1,080","1,140 ",
7104,Maldives,90 ,40 ,110 ,140 ,130 ,150 ,60 ,120 ,80 ,70 ,160 ,70 ,80 ,60 ,120 ,150 ,120 ,140 ,100 ,110 ,50 ,100 ,100 ,90 ,110 ,80 ,100 ,140 ,130 ,170 ,100 ,90 ,50 ,90 ,120 ,130 ,110 ,120 ,120 ,180 ,150 ,130 ,60 ,0 ,0 ,0 ,0 ,0 ,0 ,0,0 ,
7105,Nepal,"2,540 ","3,520 ","5,380 ","4,680 ","2,820 ","6,460 ","5,190 ","3,340 ","3,470 ","3,410 ","5,800 ","3,540 ","3,870 ","5,680 ","5,350 ","5,480 ","4,110 ","7,070 ","7,120 ","4,290 ","5,510 ","5,310 ","6,810 ","4,950 ","4,440 ","6,810 ","8,270 ","8,070 ","4,930 ","8,390 ","8,130 ","5,080 ","6,750 ","5,430 ","6,560 ","5,510 ","5,440 ","6,610 ","9,420 ","9,130 ","4,360 ","8,900 ","5,940 ",60 ,150 ,250 ,10 ,0 ,10 ,130,90 ,
7106,Pakistan,"3,110 ","3,380 ","2,870 ","3,790 ","4,820 ","6,090 ","4,610 ","4,150 ","3,900 ","2,560 ","4,610 ","3,550 ","3,910 ","3,710 ","3,450 ","4,560 ","6,090 ","6,770 ","5,600 ","4,780 ","4,050 ","3,540 ","4,780 ","4,220 ","4,670 ","3,630 ","3,540 ","4,520 ","6,610 ","7,020 ","5,470 ","4,780 ","3,900 ","4,300 ","4,120 ","4,790 ","4,320 ","3,840 ","4,100 ","4,830 ","6,600 ","8,010 ","4,950 ",280 ,310 ,430 ,150 ,100 ,70 ,200,180 ,
7107,Sri Lanka,"4,720 ","4,580 ","4,620 ","7,680 ","7,450 ","7,060 ","4,740 ","6,540 ","4,140 ","3,980 ","5,400 ","5,330 ","5,290 ","4,730 ","5,740 ","8,450 ","7,850 ","7,910 ","5,820 ","7,360 ","4,700 ","4,720 ","6,230 ","6,190 ","5,950 ","5,650 ","6,160 ","8,890 ","7,360 ","7,930 ","6,340 ","7,390 ","5,120 ","4,700 ","6,300 ","6,360 ","6,070 ","6,070 ","6,310 ","9,330 ","6,900 ","7,970 ","3,740 ",60 ,130 ,80 ,40 ,60 ,110 ,90,80 ,
7201,Afghanistan,880 ,960 ,870 ,770 ,670 ,960 ,820 ,790 ,"1,220 ",960 ,950 ,"1,140 ","1,230 ","1,190 ","1,080 ",740 ,780 ,"1,080 ",840 ,"1,050 ","1,270 ",770 ,810 ,"1,190 ","1,210 ","1,020 ",930 ,840 ,960 ,"1,310 ","1,070 ","1,050 ","1,300 ","1,090 ",810 ,"1,190 ",890 ,"1,010 ","1,040 ","1,070 ",850 ,"1,360 ","1,120 ",140 ,220 ,250 ,50 ,30 ,50 ,90,160 ,
7202,Armenia,30 ,30 ,30 ,40 ,30 ,40 ,20 ,20 ,20 ,20 ,30 ,30 ,60 ,30 ,30 ,60 ,20 ,30 ,20 ,30 ,20 ,30 ,30 ,20 ,30 ,40 ,50 ,80 ,50 ,30 ,10 ,30 ,30 ,30 ,30 ,20 ,50 ,30 ,50 ,70 ,30 ,30 ,10 ,0 ,0 ,0 ,0 ,0 ,0 ,0,0 ,
7203,Azerbaijan,40 ,40 ,20 ,40 ,40 ,50 ,40 ,20 ,20 ,10 ,40 ,30 ,20 ,30 ,30 ,40 ,60 ,40 ,50 ,60 ,30 ,20 ,40 ,30 ,30 ,60 ,40 ,40 ,50 ,20 ,30 ,30 ,30 ,30 ,40 ,20 ,30 ,40 ,40 ,30 ,60 ,30 ,20 ,0 ,0 ,0 ,0 ,0 ,0 ,0,0 ,
7204,Georgia,20 ,20 ,20 ,30 ,20 ,20 ,10 ,10 ,30 ,10 ,10 ,20 ,20 ,30 ,20 ,20 ,30 ,40 ,20 ,20 ,10 ,100 ,20 ,30 ,20 ,70 ,40 ,20 ,30 ,20 ,20 ,20 ,20 ,20 ,10 ,20 ,20 ,40 ,20 ,30 ,30 ,30 ,30 ,0 ,0 ,0 ,0 ,10 ,0 ,10,0 ,
7205,Kazakhstan,130 ,130 ,110 ,180 ,150 ,170 ,130 ,120 ,130 ,100 ,170 ,120 ,120 ,130 ,110 ,190 ,170 ,200 ,140 ,240 ,90 ,110 ,220 ,130 ,130 ,170 ,150 ,240 ,250 ,170 ,180 ,110 ,100 ,130 ,160 ,140 ,160 ,150 ,150 ,310 ,210 ,180 ,90 ,0 ,0 ,0 ,10 ,0 ,0 ,0,0 ,
7206,Kyrgyzstan,20 ,10 ,20 ,40 ,10 ,20 ,10 ,10 ,20 ,10 ,20 ,10 ,20 ,20 ,20 ,20 ,20 ,10 ,20 ,20 ,20 ,10 ,20 ,20 ,10 ,20 ,30 ,50 ,30 ,30 ,30 ,10 ,20 ,20 ,30 ,30 ,20 ,30 ,20 ,50 ,40 ,20 ,0 ,0 ,0 ,0 ,0 ,0 ,0 ,0,0 ,
7207,Tajikistan,10 ,10 ,10 ,10 ,0 ,0 ,0 ,10 ,0 ,0 ,0 ,0 ,0 ,10 ,0 ,10 ,10 ,0 ,0 ,10 ,10 ,0 ,10 ,10 ,10 ,0 ,10 ,10 ,0 ,0 ,20 ,10 ,0 ,0 ,10 ,10 ,10 ,0 ,10 ,10 ,10 ,0 ,0 ,0 ,0 ,0 ,0 ,0 ,0 ,0,0 ,
7208,Turkmenistan,0 ,0 ,0 ,0 ,10 ,0 ,0 ,0 ,0 ,10 ,0 ,0 ,0 ,0 ,10 ,0 ,10 ,0 ,10 ,10 ,0 ,10 ,10 ,10 ,0 ,0 ,0 ,20 ,10 ,0 ,0 ,0 ,0 ,0 ,10 ,10 ,10 ,0 ,0 ,10 ,0 ,0 ,0 ,0 ,0 ,0 ,0 ,0 ,0 ,0,0 ,
7211,Uzbekistan,70 ,60 ,60 ,110 ,70 ,60 ,50 ,40 ,50 ,70 ,70 ,70 ,60 ,70 ,80 ,80 ,70 ,70 ,60 ,50 ,50 ,70 ,80 ,70 ,110 ,70 ,140 ,90 ,90 ,90 ,50 ,60 ,50 ,50 ,60 ,100 ,60 ,80 ,70 ,90 ,90 ,90 ,40 ,0 ,0 ,0 ,0 ,0 ,0 ,0,0 ,
8101,Bermuda,0 ,0 ,0 ,0 ,0 ,0 ,0 ,0 ,0 ,0 ,0 ,0 ,0 ,0 ,0 ,0 ,0 ,0 ,0 ,0 ,0 ,0 ,0 ,0 ,0 ,0 ,0 ,0 ,0 ,0 ,0 ,0 ,0 ,0 ,0 ,0 ,0 ,0 ,0 ,0 ,0 ,0 ,0 ,0 ,0 ,0 ,0 ,0 ,0 ,0,0 ,
8102,Canada,"12,590 ","15,930 ","18,310 ","21,640 ","20,320 ","23,630 ","21,280 ","16,760 ","11,200 ","9,290 ","12,940 ","12,450 ","12,740 ","16,380 ","20,970 ","24,400 ","23,320 ","25,240 ","23,650 ","15,710 ","11,330 ","10,250 ","14,070 ","12,560 ","13,750 ","18,200 ","21,570 ","27,260 ","22,720 ","26,480 ","24,640 ","17,830 ","12,460 ","10,800 ","14,240 ","13,790 ","13,730 ","17,830 ","20,800 ","25,900 ","23,080 ","24,550 ","10,670 ",60 ,70 ,110 ,140 ,80 ,150 ,200,240 ,
8103,St Pierre/Mique,0 ,0 ,0 ,0 ,0 ,0 ,0 ,0 ,0 ,0 ,0 ,0 ,0 ,0 ,0 ,0 ,0 ,0 ,0 ,0 ,0 ,0 ,0 ,0 ,0 ,0 ,0 ,0 ,0 ,0 ,0 ,0 ,0 ,0 ,0 ,0 ,0 ,0 ,0 ,0 ,0 ,0 ,0 ,0 ,0 ,0 ,0 ,0 ,0 ,0,0 ,
8104,United States of America,"43,710 ","54,300 ","61,830 ","78,620 ","60,570 ","70,620 ","68,940 ","57,580 ","44,650 ","52,640 ","53,970 ","45,290 ","44,840 ","57,740 ","68,320 ","82,820 ","69,120 ","79,490 ","76,210 ","55,900 ","49,240 ","56,380 ","58,790 ","47,180 ","49,060 ","63,580 ","74,920 ","95,880 ","73,030 ","84,180 ","90,120 ","63,270 ","56,840 ","62,000 ","63,090 ","53,970 ","50,790 ","63,480 ","74,500 ","96,020 ","76,700 ","79,390 ","34,370 ",200 ,300 ,460 ,560 ,530 ,600 ,700,780 ,
8201,Argentina,"1,480 ","1,230 ","1,410 ","2,380 ","1,960 ","2,130 ","2,210 ","1,760 ","1,220 ",980 ,"1,490 ","1,150 ","1,710 ","1,850 ","1,770 ","3,370 ","3,140 ","2,960 ","3,530 ","2,120 ","1,720 ","1,370 ","2,090 ","1,560 ","2,000 ","1,430 ","1,970 ","2,990 ","2,580 ","2,290 ","2,740 ","1,730 ","1,410 ","1,230 ","1,610 ","1,430 ","1,800 ","1,750 ","2,120 ","2,530 ","2,090 ","2,460 ","1,550 ",60 ,10 ,10 ,10 ,10 ,10 ,70,20 ,
8202,Bolivia Plurinational State of,30 ,30 ,30 ,20 ,30 ,30 ,40 ,30 ,20 ,20 ,50 ,30 ,50 ,20 ,40 ,40 ,40 ,60 ,30 ,40 ,30 ,30 ,30 ,30 ,20 ,30 ,50 ,60 ,40 ,40 ,40 ,40 ,30 ,30 ,30 ,30 ,20 ,50 ,50 ,70 ,40 ,50 ,20 ,0 ,0 ,0 ,0 ,0 ,0 ,0,0 ,
8203,Brazil,"4,880 ","4,620 ","5,020 ","8,110 ","6,640 ","5,400 ","5,960 ","5,300 ","4,700 ","4,300 ","5,360 ","5,040 ","5,330 ","5,830 ","6,190 ","8,910 ","7,970 ","6,220 ","6,760 ","5,890 ","5,590 ","5,240 ","6,040 ","5,730 ","5,870 ","5,860 ","5,860 ","7,790 ","8,320 ","6,630 ","7,360 ","6,420 ","5,440 ","4,920 ","6,230 ","5,840 ","6,230 ","6,340 ","6,160 ","8,230 ","8,490 ","6,170 ","4,110 ",50 ,40 ,130 ,30 ,20 ,30 ,60,60 ,
8204,Chile,"2,010 ","1,940 ","1,940 ","2,450 ","2,070 ","2,680 ","2,480 ","2,100 ","1,960 ","1,730 ","2,140 ","2,030 ","2,060 ","2,730 ","2,160 ","2,930 ","2,710 ","3,650 ","3,200 ","2,760 ","2,360 ","2,050 ","2,610 ","2,450 ","3,180 ","2,750 ","2,530 ","2,970 ","2,980 ","3,810 ","3,390 ","2,700 ","2,380 ","1,980 ","2,620 ","2,190 ","3,150 ","2,500 ","2,310 ","2,750 ","2,810 ","3,850 ","2,030 ",30 ,10 ,10 ,0 ,10 ,0 ,10,20 ,
8205,Colombia,"1,470 ","1,500 ","1,810 ","2,490 ","2,460 ","2,200 ","1,770 ","1,910 ","1,490 ","1,870 ","1,940 ","1,760 ","1,730 ","2,020 ","2,180 ","2,750 ","3,370 ","2,320 ","2,040 ","2,070 ","1,760 ","2,040 ","2,530 ","2,220 ","2,340 ","2,250 ","2,600 ","3,150 ","4,280 ","2,900 ","2,430 ","2,400 ","2,440 ","2,490 ","2,480 ","2,530 ","2,530 ","2,570 ","3,010 ","3,580 ","4,450 ","3,410 ","1,780 ",20 ,10 ,30 ,10 ,10 ,10 ,20,20 ,
8206,Ecuador,110 ,100 ,120 ,180 ,130 ,190 ,120 ,130 ,100 ,90 ,190 ,140 ,150 ,130 ,110 ,150 ,170 ,160 ,120 ,100 ,90 ,110 ,200 ,140 ,140 ,120 ,160 ,240 ,190 ,210 ,170 ,150 ,110 ,130 ,190 ,150 ,140 ,180 ,170 ,150 ,200 ,200 ,100 ,0 ,0 ,0 ,0 ,0 ,0 ,0,0 ,
8207,Falkland Islands,0 ,0 ,0 ,0 ,0 ,0 ,0 ,0 ,0 ,0 ,0 ,0 ,0 ,0 ,0 ,0 ,0 ,0 ,0 ,0 ,0 ,0 ,0 ,0 ,0 ,0 ,0 ,0 ,0 ,0 ,0 ,0 ,0 ,0 ,0 ,0 ,0 ,0 ,0 ,0 ,0 ,0 ,0 ,0 ,0 ,0 ,0 ,0 ,0 ,0,0 ,
8208,French Guiana,0 ,0 ,0 ,0 ,0 ,0 ,0 ,0 ,0 ,0 ,0 ,0 ,0 ,0 ,0 ,0 ,0 ,0 ,0 ,0 ,0 ,0 ,0 ,0 ,0 ,0 ,0 ,0 ,0 ,0 ,0 ,0 ,0 ,0 ,0 ,0 ,0 ,0 ,0 ,0 ,0 ,0 ,0 ,0 ,0 ,0 ,0 ,0 ,0 ,0,0 ,
8211,Guyana,0 ,10 ,0 ,10 ,10 ,0 ,0 ,10 ,10 ,0 ,0 ,0 ,30 ,20 ,10 ,0 ,10 ,10 ,30 ,20 ,0 ,10 ,0 ,10 ,10 ,10 ,10 ,10 ,10 ,10 ,10 ,10 ,10 ,10 ,0 ,0 ,10 ,10 ,0 ,10 ,10 ,10 ,0 ,0 ,0 ,0 ,0 ,0 ,0 ,0,0 ,
8212,Paraguay,20 ,20 ,20 ,50 ,40 ,40 ,20 ,30 ,10 ,20 ,40 ,20 ,30 ,30 ,30 ,70 ,50 ,70 ,20 ,30 ,30 ,10 ,60 ,30 ,30 ,20 ,40 ,80 ,50 ,70 ,40 ,20 ,20 ,20 ,40 ,20 ,30 ,30 ,30 ,80 ,50 ,50 ,20 ,0 ,0 ,0 ,0 ,0 ,0 ,0,0 ,
8213,Peru,420 ,440 ,430 ,470 ,480 ,460 ,450 ,360 ,360 ,380 ,450 ,480 ,400 ,460 ,710 ,590 ,550 ,580 ,530 ,460 ,390 ,400 ,560 ,470 ,480 ,460 ,510 ,670 ,600 ,610 ,540 ,470 ,440 ,460 ,630 ,560 ,490 ,500 ,550 ,720 ,660 ,630 ,350 ,40 ,0 ,30 ,0 ,0 ,0 ,10,10 ,
8214,Suriname,0 ,0 ,0 ,0 ,10 ,0 ,10 ,0 ,0 ,0 ,10 ,0 ,10 ,0 ,0 ,0 ,10 ,0 ,0 ,0 ,0 ,0 ,10 ,0 ,0 ,0 ,0 ,0 ,0 ,10 ,0 ,0 ,0 ,0 ,10 ,0 ,0 ,0 ,0 ,0 ,10 ,0 ,0 ,0 ,0 ,0 ,0 ,0 ,0 ,0,0 ,
8215,Uruguay,130 ,140 ,150 ,180 ,130 ,160 ,460 ,170 ,180 ,150 ,130 ,160 ,120 ,170 ,150 ,200 ,170 ,330 ,360 ,220 ,140 ,120 ,150 ,150 ,210 ,230 ,180 ,220 ,220 ,220 ,570 ,230 ,250 ,200 ,150 ,180 ,200 ,190 ,200 ,220 ,150 ,330 ,350 ,10 ,0 ,0 ,0 ,0 ,0 ,0,10 ,
8216,Venezuela Bolivarian republic of,350 ,260 ,320 ,340 ,310 ,240 ,250 ,220 ,230 ,210 ,250 ,250 ,240 ,220 ,220 ,320 ,290 ,190 ,200 ,210 ,190 ,190 ,180 ,240 ,240 ,240 ,290 ,270 ,300 ,200 ,200 ,180 ,220 ,190 ,190 ,210 ,220 ,270 ,250 ,270 ,230 ,170 ,130 ,0 ,0 ,0 ,0 ,10 ,0 ,0,10 ,
8299,"S America, nec",0 ,0 ,0 ,0 ,0 ,0 ,0 ,0 ,0 ,0 ,0 ,0 ,0 ,0 ,0 ,0 ,0 ,0 ,0 ,0 ,0 ,0 ,0 ,0 ,0 ,0 ,0 ,0 ,0 ,0 ,0 ,0 ,0 ,0 ,0 ,0 ,0 ,0 ,0 ,0 ,0 ,0 ,0 ,0 ,0 ,0 ,0 ,0 ,0 ,0,0 ,
8301,Belize,0 ,10 ,0 ,0 ,10 ,0 ,10 ,0 ,0 ,0 ,0 ,0 ,0 ,10 ,10 ,10 ,0 ,0 ,10 ,30 ,10 ,10 ,0 ,10 ,0 ,10 ,10 ,0 ,0 ,10 ,10 ,0 ,0 ,0 ,10 ,10 ,0 ,10 ,10 ,0 ,10 ,0 ,0 ,0 ,0 ,0 ,0 ,0 ,0 ,0,0 ,
8302,Costa Rica,60 ,90 ,90 ,90 ,70 ,70 ,60 ,100 ,60 ,40 ,30 ,50 ,60 ,110 ,60 ,140 ,90 ,60 ,70 ,70 ,50 ,60 ,50 ,60 ,70 ,60 ,50 ,190 ,90 ,90 ,90 ,120 ,100 ,50 ,60 ,40 ,60 ,80 ,120 ,100 ,100 ,70 ,20 ,0 ,0 ,0 ,0 ,0 ,0 ,0,0 ,
8303,El Salvador,40 ,30 ,30 ,40 ,40 ,40 ,50 ,30 ,40 ,40 ,40 ,40 ,20 ,40 ,30 ,80 ,30 ,60 ,40 ,40 ,30 ,30 ,30 ,40 ,50 ,40 ,50 ,50 ,60 ,50 ,60 ,50 ,30 ,30 ,30 ,80 ,60 ,60 ,50 ,50 ,50 ,40 ,40 ,0 ,0 ,0 ,0 ,0 ,0 ,0,0 ,
8304,Guatemala,30 ,20 ,40 ,50 ,40 ,50 ,40 ,40 ,20 ,20 ,40 ,60 ,30 ,40 ,50 ,60 ,60 ,30 ,30 ,40 ,30 ,30 ,30 ,40 ,40 ,50 ,40 ,50 ,70 ,40 ,40 ,50 ,30 ,40 ,50 ,30 ,60 ,50 ,40 ,80 ,50 ,40 ,30 ,0 ,0 ,0 ,0 ,0 ,0 ,0,0 ,
8305,Honduras,20 ,20 ,10 ,10 ,20 ,20 ,20 ,10 ,10 ,20 ,10 ,10 ,30 ,30 ,80 ,20 ,20 ,20 ,30 ,30 ,10 ,20 ,20 ,20 ,10 ,20 ,20 ,20 ,20 ,20 ,20 ,40 ,20 ,10 ,30 ,30 ,10 ,10 ,20 ,20 ,20 ,20 ,10 ,0 ,0 ,0 ,0 ,0 ,0 ,10,0 ,
8306,Mexico,980 ,840 ,860 ,"1,560 ","1,170 ","1,190 ",870 ,"1,120 ",680 ,830 ,"1,550 ",940 ,"1,170 ",980 ,"1,060 ","1,900 ","1,420 ","1,320 ","1,160 ","1,190 ",760 ,840 ,"1,490 ",740 ,"1,270 ","1,120 ","1,360 ","2,160 ","1,760 ","1,340 ","1,130 ","1,550 ",980 ,"1,190 ","1,610 ","1,000 ","1,270 ","1,210 ","1,340 ","2,030 ","1,860 ","1,370 ",660 ,10 ,10 ,20 ,10 ,10 ,10 ,10,10 ,
8307,Nicaragua,10 ,10 ,10 ,10 ,10 ,10 ,10 ,0 ,10 ,0 ,10 ,10 ,10 ,10 ,0 ,10 ,10 ,10 ,20 ,10 ,10 ,10 ,10 ,10 ,10 ,10 ,10 ,20 ,20 ,10 ,10 ,10 ,10 ,10 ,10 ,10 ,0 ,20 ,10 ,10 ,10 ,20 ,10 ,0 ,0 ,0 ,0 ,0 ,0 ,0,0 ,
8308,Panama,20 ,10 ,20 ,30 ,30 ,40 ,20 ,20 ,10 ,10 ,20 ,20 ,10 ,20 ,40 ,30 ,40 ,40 ,30 ,30 ,20 ,50 ,20 ,20 ,20 ,20 ,30 ,40 ,40 ,60 ,40 ,30 ,20 ,30 ,30 ,40 ,30 ,20 ,40 ,40 ,40 ,50 ,10 ,0 ,0 ,0 ,0 ,0 ,0 ,0,0 ,
8401,Anguilla,0 ,0 ,0 ,0 ,0 ,0 ,0 ,0 ,0 ,0 ,0 ,0 ,0 ,0 ,0 ,0 ,0 ,0 ,0 ,0 ,0 ,0 ,0 ,0 ,0 ,0 ,0 ,0 ,0 ,0 ,0 ,0 ,0 ,0 ,0 ,0 ,0 ,0 ,0 ,0 ,0 ,0 ,0 ,0 ,0 ,0 ,0 ,0 ,0 ,0,0 ,
8402,Antigua and Barbuda,10 ,10 ,0 ,0 ,0 ,0 ,10 ,10 ,10 ,0 ,10 ,10 ,0 ,10 ,10 ,0 ,0 ,0 ,0 ,30 ,0 ,0 ,0 ,0 ,0 ,0 ,0 ,10 ,0 ,10 ,0 ,0 ,10 ,0 ,10 ,0 ,10 ,10 ,10 ,10 ,0 ,10 ,0 ,0 ,0 ,0 ,0 ,0 ,0 ,0,0 ,
8403,Aruba,0 ,0 ,0 ,0 ,0 ,0 ,0 ,0 ,0 ,0 ,0 ,0 ,0 ,0 ,0 ,0 ,0 ,0 ,0 ,0 ,0 ,0 ,0 ,0 ,0 ,0 ,0 ,0 ,0 ,0 ,0 ,0 ,0 ,0 ,0 ,0 ,0 ,0 ,0 ,0 ,0 ,0 ,0 ,0 ,0 ,0 ,0 ,0 ,0 ,0,0 ,
8404,Bahamas,0 ,0 ,10 ,10 ,0 ,0 ,10 ,0 ,0 ,10 ,20 ,10 ,0 ,40 ,10 ,10 ,10 ,10 ,30 ,80 ,10 ,10 ,10 ,20 ,20 ,20 ,10 ,10 ,10 ,10 ,20 ,10 ,10 ,20 ,10 ,50 ,10 ,10 ,20 ,10 ,10 ,10 ,10 ,0 ,0 ,0 ,0 ,0 ,0 ,0,0 ,
8405,Barbados,10 ,20 ,10 ,20 ,10 ,10 ,20 ,10 ,20 ,10 ,10 ,10 ,20 ,10 ,30 ,20 ,30 ,10 ,90 ,20 ,20 ,10 ,20 ,10 ,10 ,20 ,20 ,20 ,20 ,20 ,10 ,30 ,10 ,20 ,10 ,20 ,30 ,40 ,40 ,10 ,30 ,30 ,10 ,0 ,0 ,0 ,0 ,0 ,0 ,0,0 ,
8406,Cayman Islands,0 ,0 ,0 ,0 ,0 ,0 ,0 ,0 ,0 ,0 ,0 ,0 ,0 ,0 ,0 ,0 ,0 ,0 ,0 ,0 ,0 ,0 ,0 ,0 ,0 ,0 ,0 ,0 ,0 ,0 ,0 ,0 ,0 ,0 ,0 ,0 ,0 ,0 ,0 ,0 ,0 ,0 ,0 ,0 ,0 ,0 ,0 ,0 ,0 ,0,0 ,
8407,Cuba,20 ,10 ,30 ,20 ,20 ,30 ,20 ,20 ,20 ,30 ,40 ,20 ,20 ,30 ,20 ,20 ,30 ,40 ,50 ,40 ,30 ,20 ,40 ,60 ,30 ,30 ,40 ,40 ,50 ,20 ,10 ,30 ,20 ,30 ,40 ,30 ,30 ,30 ,30 ,40 ,40 ,30 ,30 ,0 ,0 ,0 ,0 ,0 ,0 ,0,0 ,
8408,Dominica,0 ,0 ,10 ,0 ,0 ,0 ,0 ,10 ,0 ,10 ,0 ,10 ,0 ,0 ,10 ,0 ,0 ,0 ,20 ,10 ,0 ,10 ,0 ,10 ,0 ,10 ,10 ,10 ,0 ,10 ,20 ,10 ,0 ,10 ,0 ,10 ,0 ,10 ,10 ,0 ,0 ,0 ,10 ,0 ,0 ,0 ,0 ,0 ,0 ,0,0 ,
8411,Dominican Republic,30 ,10 ,10 ,20 ,20 ,40 ,20 ,20 ,20 ,10 ,20 ,20 ,30 ,80 ,60 ,30 ,30 ,30 ,30 ,30 ,20 ,10 ,10 ,40 ,40 ,20 ,30 ,40 ,20 ,20 ,30 ,70 ,20 ,20 ,20 ,20 ,20 ,20 ,30 ,30 ,20 ,30 ,10 ,0 ,0 ,0 ,0 ,0 ,0 ,0,0 ,
8412,Grenada,0 ,0 ,0 ,10 ,0 ,10 ,0 ,0 ,0 ,0 ,10 ,0 ,0 ,10 ,10 ,0 ,10 ,10 ,20 ,20 ,0 ,10 ,10 ,0 ,0 ,10 ,10 ,10 ,10 ,10 ,10 ,0 ,0 ,0 ,10 ,10 ,0 ,0 ,10 ,10 ,10 ,10 ,0 ,0 ,0 ,0 ,0 ,0 ,0 ,0,0 ,
8413,Guadeloupe,0 ,0 ,0 ,0 ,0 ,0 ,0 ,0 ,0 ,0 ,0 ,0 ,0 ,0 ,0 ,0 ,0 ,0 ,0 ,0 ,0 ,0 ,0 ,0 ,0 ,0 ,0 ,0 ,0 ,0 ,0 ,0 ,0 ,0 ,0 ,0 ,0 ,0 ,0 ,0 ,0 ,0 ,0 ,0 ,0 ,0 ,0 ,0 ,0 ,0,0 ,
8414,Haiti,10 ,10 ,0 ,10 ,10 ,0 ,0 ,10 ,10 ,0 ,0 ,10 ,10 ,10 ,10 ,0 ,10 ,10 ,0 ,0 ,0 ,0 ,10 ,0 ,0 ,10 ,10 ,10 ,0 ,0 ,0 ,0 ,0 ,10 ,10 ,10 ,0 ,10 ,10 ,10 ,0 ,10 ,0 ,0 ,0 ,0 ,0 ,0 ,0 ,0,0 ,
8415,Jamaica,40 ,60 ,20 ,50 ,50 ,50 ,40 ,30 ,30 ,20 ,50 ,40 ,40 ,70 ,40 ,50 ,60 ,70 ,180 ,120 ,40 ,30 ,70 ,40 ,50 ,50 ,50 ,60 ,70 ,60 ,40 ,40 ,40 ,50 ,50 ,40 ,30 ,50 ,60 ,50 ,70 ,80 ,20 ,0 ,0 ,0 ,0 ,0 ,0 ,0,10 ,
8416,Martinique,0 ,0 ,0 ,0 ,0 ,0 ,0 ,0 ,0 ,0 ,0 ,0 ,0 ,0 ,0 ,0 ,0 ,0 ,0 ,0 ,0 ,0 ,0 ,0 ,0 ,0 ,0 ,0 ,0 ,0 ,0 ,0 ,0 ,0 ,0 ,0 ,0 ,0 ,0 ,0 ,0 ,0 ,0 ,0 ,0 ,0 ,0 ,0 ,0 ,0,0 ,
8417,Montserrat,0 ,0 ,0 ,0 ,0 ,0 ,0 ,0 ,0 ,0 ,0 ,0 ,0 ,0 ,0 ,0 ,0 ,0 ,0 ,0 ,0 ,0 ,0 ,0 ,0 ,0 ,0 ,0 ,0 ,0 ,0 ,0 ,0 ,0 ,0 ,0 ,0 ,0 ,0 ,0 ,0 ,0 ,0 ,0 ,0 ,0 ,0 ,0 ,0 ,0,0 ,
8421,Puerto Rico,0 ,0 ,0 ,0 ,0 ,0 ,0 ,0 ,0 ,0 ,0 ,0 ,0 ,0 ,0 ,0 ,0 ,0 ,0 ,0 ,0 ,0 ,0 ,0 ,0 ,0 ,0 ,0 ,0 ,0 ,0 ,0 ,0 ,0 ,0 ,0 ,0 ,0 ,0 ,0 ,0 ,0 ,0 ,0 ,0 ,0 ,0 ,0 ,0 ,0,0 ,
8422,St Kitts and Nevis,10 ,10 ,10 ,20 ,10 ,0 ,10 ,10 ,10 ,0 ,10 ,10 ,10 ,10 ,10 ,10 ,20 ,10 ,10 ,20 ,10 ,0 ,10 ,10 ,10 ,10 ,10 ,10 ,10 ,10 ,10 ,10 ,10 ,0 ,20 ,0 ,0 ,10 ,10 ,20 ,10 ,10 ,0 ,0 ,0 ,0 ,0 ,0 ,0 ,0,0 ,
8423,St Lucia,10 ,0 ,0 ,0 ,10 ,10 ,0 ,10 ,0 ,10 ,0 ,0 ,0 ,0 ,10 ,10 ,10 ,10 ,30 ,10 ,10 ,10 ,0 ,0 ,10 ,10 ,10 ,10 ,10 ,20 ,10 ,10 ,0 ,0 ,10 ,0 ,10 ,0 ,0 ,0 ,10 ,10 ,0 ,0 ,0 ,0 ,0 ,0 ,0 ,0,0 ,
8424,St Vincent and the Grenadines,0 ,0 ,0 ,0 ,0 ,10 ,0 ,0 ,0 ,0 ,0 ,10 ,0 ,10 ,10 ,0 ,0 ,10 ,30 ,10 ,0 ,0 ,0 ,0 ,10 ,0 ,0 ,0 ,0 ,0 ,10 ,0 ,0 ,0 ,0 ,0 ,10 ,0 ,0 ,10 ,0 ,0 ,0 ,0 ,0 ,0 ,0 ,0 ,0 ,0,0 ,
8425,Trinidad and Tobago,40 ,60 ,50 ,70 ,140 ,50 ,60 ,40 ,30 ,40 ,60 ,90 ,90 ,40 ,80 ,80 ,80 ,50 ,130 ,60 ,80 ,70 ,50 ,60 ,60 ,60 ,60 ,70 ,70 ,60 ,50 ,80 ,50 ,50 ,40 ,40 ,50 ,60 ,70 ,80 ,80 ,80 ,30 ,0 ,0 ,0 ,0 ,0 ,0 ,0,0 ,
8426,Turks and Caicos Islands,0 ,0 ,0 ,0 ,0 ,0 ,0 ,0 ,0 ,0 ,0 ,0 ,0 ,0 ,0 ,0 ,0 ,0 ,0 ,0 ,0 ,0 ,0 ,0 ,0 ,0 ,0 ,0 ,0 ,0 ,0 ,0 ,0 ,0 ,0 ,0 ,0 ,0 ,0 ,0 ,0 ,0 ,0 ,0 ,0 ,0 ,0 ,0 ,0 ,0,0 ,
8427,"Virgin Islands, British",0 ,0 ,0 ,0 ,0 ,0 ,0 ,0 ,0 ,0 ,0 ,0 ,0 ,0 ,0 ,0 ,0 ,0 ,0 ,0 ,0 ,0 ,0 ,0 ,0 ,0 ,0 ,0 ,0 ,0 ,0 ,0 ,0 ,0 ,0 ,0 ,0 ,0 ,0 ,0 ,0 ,0 ,0 ,0 ,0 ,0 ,0 ,0 ,0 ,0,0 ,
8428,"Virgin Islands, US",0 ,0 ,0 ,0 ,0 ,0 ,0 ,0 ,0 ,0 ,0 ,0 ,0 ,0 ,0 ,0 ,0 ,0 ,0 ,0 ,0 ,0 ,0 ,0 ,0 ,0 ,0 ,0 ,0 ,0 ,0 ,0 ,0 ,0 ,0 ,0 ,0 ,0 ,0 ,0 ,0 ,0 ,0 ,0 ,0 ,0 ,0 ,0 ,0 ,0,0 ,
8431,St Barthelemy,0 ,0 ,0 ,0 ,0 ,0 ,0 ,0 ,0 ,0 ,0 ,0 ,0 ,0 ,0 ,0 ,0 ,0 ,0 ,0 ,0 ,0 ,0 ,0 ,0 ,0 ,0 ,0 ,0 ,0 ,0 ,0 ,0 ,0 ,0 ,0 ,0 ,0 ,0 ,0 ,0 ,0 ,0 ,0 ,0 ,0 ,0 ,0 ,0 ,0,0 ,
8432,St Martin (Fr),0 ,0 ,0 ,0 ,0 ,0 ,0 ,0 ,0 ,0 ,0 ,0 ,0 ,0 ,0 ,0 ,0 ,0 ,0 ,0 ,0 ,0 ,0 ,0 ,0 ,0 ,0 ,0 ,0 ,0 ,0 ,0 ,0 ,0 ,0 ,0 ,0 ,0 ,0 ,0 ,0 ,0 ,0 ,0 ,0 ,0 ,0 ,0 ,0 ,0,0 ,
8433,Bonaire/SE/Saba,0 ,0 ,0 ,0 ,0 ,0 ,0 ,0 ,0 ,0 ,0 ,0 ,0 ,0 ,0 ,0 ,0 ,0 ,0 ,0 ,0 ,0 ,0 ,0 ,0 ,0 ,0 ,0 ,0 ,0 ,0 ,0 ,0 ,0 ,0 ,0 ,0 ,0 ,0 ,0 ,0 ,0 ,0 ,0 ,0 ,0 ,0 ,0 ,0 ,0,0 ,
8434,Curacao,0 ,0 ,0 ,0 ,0 ,0 ,0 ,0 ,0 ,0 ,0 ,0 ,0 ,0 ,0 ,0 ,0 ,0 ,0 ,0 ,0 ,0 ,0 ,0 ,0 ,0 ,0 ,0 ,0 ,0 ,0 ,0 ,0 ,0 ,0 ,0 ,0 ,0 ,0 ,0 ,0 ,0 ,0 ,0 ,0 ,0 ,0 ,0 ,0 ,0,0 ,
8435,Sint Maarten (Dutch part),0 ,0 ,0 ,0 ,0 ,0 ,0 ,0 ,0 ,0 ,0 ,0 ,0 ,0 ,0 ,0 ,0 ,0 ,0 ,0 ,0 ,0 ,0 ,0 ,0 ,0 ,0 ,0 ,0 ,0 ,0 ,0 ,0 ,0 ,0 ,0 ,0 ,0 ,0 ,0 ,0 ,0 ,0 ,0 ,0 ,0 ,0 ,0 ,0 ,0,0 ,
9101,Benin,0 ,0 ,0 ,0 ,0 ,0 ,0 ,10 ,0 ,0 ,0 ,0 ,0 ,0 ,0 ,0 ,0 ,0 ,0 ,0 ,0 ,0 ,10 ,0 ,10 ,0 ,0 ,0 ,0 ,10 ,0 ,0 ,0 ,0 ,0 ,0 ,0 ,0 ,0 ,0 ,0 ,0 ,0 ,0 ,0 ,0 ,0 ,0 ,0 ,0,0 ,
9102,Burkina Faso,10 ,0 ,0 ,0 ,0 ,0 ,0 ,0 ,0 ,0 ,0 ,0 ,10 ,0 ,0 ,0 ,0 ,0 ,0 ,0 ,0 ,0 ,10 ,10 ,0 ,10 ,10 ,0 ,0 ,0 ,0 ,0 ,0 ,0 ,10 ,0 ,10 ,0 ,0 ,0 ,0 ,0 ,0 ,0 ,0 ,0 ,0 ,0 ,0 ,0,0 ,
9103,Cameroon,20 ,20 ,10 ,20 ,20 ,20 ,20 ,20 ,10 ,10 ,20 ,30 ,10 ,20 ,10 ,20 ,10 ,10 ,80 ,60 ,10 ,20 ,30 ,10 ,20 ,20 ,10 ,20 ,20 ,20 ,20 ,10 ,10 ,20 ,10 ,20 ,20 ,20 ,20 ,20 ,20 ,20 ,10 ,0 ,0 ,0 ,0 ,0 ,0 ,0,0 ,
9104,Cabo Verde,0 ,0 ,0 ,0 ,0 ,0 ,0 ,0 ,0 ,0 ,0 ,0 ,0 ,0 ,0 ,0 ,0 ,0 ,0 ,0 ,0 ,0 ,0 ,0 ,0 ,0 ,0 ,0 ,10 ,0 ,0 ,0 ,0 ,0 ,0 ,0 ,0 ,0 ,0 ,0 ,0 ,0 ,0 ,0 ,0 ,0 ,0 ,0 ,0 ,0,0 ,
9105,Central African Republic,0 ,0 ,0 ,0 ,0 ,0 ,0 ,0 ,0 ,0 ,0 ,0 ,0 ,0 ,0 ,10 ,0 ,0 ,0 ,0 ,0 ,0 ,0 ,0 ,20 ,0 ,30 ,0 ,0 ,0 ,0 ,20 ,20 ,0 ,0 ,0 ,10 ,0 ,50 ,0 ,0 ,60 ,0 ,0 ,0 ,0 ,0 ,0 ,0 ,0,0 ,
9106,Chad,0 ,0 ,0 ,0 ,0 ,0 ,0 ,0 ,0 ,0 ,0 ,0 ,0 ,0 ,0 ,0 ,0 ,0 ,0 ,0 ,0 ,0 ,0 ,0 ,0 ,0 ,0 ,0 ,0 ,0 ,0 ,0 ,0 ,0 ,0 ,0 ,0 ,0 ,0 ,0 ,0 ,0 ,0 ,0 ,0 ,0 ,0 ,0 ,0 ,0,0 ,
9107,Congo Republic of,10 ,0 ,20 ,0 ,10 ,10 ,0 ,10 ,20 ,0 ,10 ,10 ,10 ,10 ,0 ,20 ,0 ,10 ,0 ,10 ,0 ,10 ,10 ,10 ,10 ,10 ,0 ,10 ,0 ,0 ,10 ,0 ,10 ,0 ,0 ,0 ,10 ,10 ,10 ,10 ,10 ,10 ,0 ,0 ,0 ,0 ,0 ,0 ,0 ,0,0 ,
9108,Congo Democratic Republic of,40 ,70 ,50 ,40 ,30 ,50 ,50 ,80 ,40 ,70 ,30 ,90 ,80 ,50 ,60 ,70 ,70 ,40 ,100 ,130 ,150 ,130 ,130 ,250 ,140 ,290 ,260 ,200 ,220 ,360 ,140 ,240 ,150 ,140 ,210 ,170 ,150 ,180 ,160 ,150 ,170 ,120 ,50 ,0 ,0 ,0 ,0 ,0 ,0 ,0,0 ,
9111,Cte d'Ivoire,10 ,10 ,0 ,10 ,10 ,10 ,10 ,10 ,10 ,10 ,20 ,10 ,10 ,0 ,10 ,20 ,20 ,10 ,10 ,10 ,0 ,20 ,10 ,10 ,10 ,20 ,10 ,10 ,20 ,10 ,10 ,10 ,10 ,10 ,10 ,10 ,10 ,10 ,10 ,10 ,10 ,0 ,10 ,0 ,0 ,0 ,0 ,0 ,0 ,0,0 ,
9112,Equatorial Guinea,0 ,0 ,0 ,0 ,0 ,0 ,0 ,0 ,0 ,0 ,0 ,0 ,0 ,0 ,0 ,0 ,0 ,0 ,0 ,0 ,0 ,0 ,0 ,0 ,0 ,0 ,0 ,0 ,0 ,0 ,0 ,0 ,0 ,0 ,0 ,0 ,0 ,0 ,0 ,0 ,0 ,0 ,0 ,0 ,0 ,0 ,0 ,0 ,0 ,0,0 ,
9113,Gabon,0 ,0 ,0 ,0 ,0 ,0 ,0 ,0 ,0 ,0 ,0 ,0 ,0 ,0 ,10 ,10 ,0 ,0 ,0 ,0 ,0 ,0 ,0 ,0 ,0 ,0 ,0 ,0 ,0 ,0 ,0 ,0 ,0 ,0 ,0 ,0 ,0 ,0 ,0 ,0 ,0 ,0 ,0 ,0 ,0 ,0 ,0 ,0 ,0 ,0,0 ,
9114,Gambia,0 ,0 ,0 ,0 ,0 ,0 ,0 ,0 ,0 ,0 ,0 ,0 ,0 ,0 ,0 ,0 ,0 ,0 ,20 ,10 ,0 ,0 ,10 ,0 ,0 ,0 ,0 ,0 ,0 ,10 ,0 ,0 ,0 ,0 ,0 ,0 ,0 ,10 ,0 ,10 ,10 ,0 ,0 ,0 ,0 ,0 ,0 ,0 ,0 ,0,0 ,
9115,Ghana,140 ,130 ,150 ,120 ,130 ,150 ,130 ,120 ,110 ,130 ,200 ,90 ,170 ,150 ,100 ,140 ,170 ,170 ,340 ,160 ,120 ,130 ,140 ,140 ,120 ,140 ,250 ,160 ,140 ,180 ,130 ,130 ,120 ,140 ,160 ,160 ,150 ,110 ,150 ,170 ,190 ,200 ,90 ,10 ,0 ,0 ,0 ,0 ,0 ,10,10 ,
9116,Guinea,10 ,10 ,10 ,10 ,10 ,10 ,10 ,10 ,10 ,0 ,10 ,10 ,10 ,10 ,10 ,10 ,10 ,10 ,10 ,10 ,10 ,10 ,10 ,10 ,10 ,10 ,10 ,10 ,0 ,0 ,0 ,0 ,10 ,10 ,10 ,10 ,20 ,0 ,0 ,10 ,10 ,10 ,0 ,0 ,0 ,0 ,0 ,0 ,0 ,0,0 ,
9117,Guinea-Bissau,0 ,0 ,0 ,0 ,0 ,0 ,0 ,0 ,0 ,0 ,0 ,0 ,0 ,0 ,0 ,0 ,0 ,0 ,0 ,0 ,0 ,0 ,0 ,0 ,0 ,0 ,0 ,0 ,0 ,0 ,0 ,0 ,0 ,0 ,0 ,0 ,0 ,0 ,0 ,0 ,0 ,0 ,0 ,0 ,0 ,0 ,0 ,0 ,0 ,0,0 ,
9118,Liberia,30 ,30 ,10 ,10 ,30 ,50 ,30 ,10 ,10 ,20 ,20 ,20 ,20 ,10 ,10 ,10 ,10 ,20 ,10 ,10 ,10 ,10 ,0 ,20 ,10 ,10 ,10 ,20 ,10 ,40 ,10 ,10 ,10 ,0 ,10 ,10 ,10 ,10 ,10 ,10 ,20 ,30 ,10 ,0 ,0 ,0 ,0 ,0 ,0 ,0,0 ,
9121,Mali,10 ,0 ,0 ,0 ,0 ,0 ,10 ,0 ,10 ,0 ,10 ,0 ,10 ,10 ,10 ,0 ,10 ,0 ,10 ,10 ,10 ,0 ,0 ,10 ,10 ,0 ,10 ,10 ,0 ,0 ,0 ,0 ,10 ,0 ,0 ,10 ,20 ,0 ,0 ,0 ,10 ,0 ,10 ,0 ,0 ,0 ,0 ,0 ,0 ,0,0 ,
9122,Mauritania,0 ,0 ,0 ,0 ,0 ,0 ,0 ,0 ,0 ,0 ,0 ,0 ,0 ,0 ,0 ,0 ,0 ,0 ,0 ,0 ,0 ,0 ,0 ,0 ,0 ,0 ,0 ,0 ,0 ,0 ,0 ,0 ,0 ,0 ,0 ,0 ,0 ,0 ,0 ,0 ,0 ,0 ,0 ,0 ,0 ,0 ,0 ,0 ,0 ,0,0 ,
9123,Niger,10 ,0 ,0 ,0 ,10 ,0 ,0 ,0 ,0 ,0 ,0 ,0 ,10 ,30 ,0 ,0 ,0 ,0 ,0 ,0 ,0 ,0 ,0 ,10 ,0 ,0 ,0 ,0 ,10 ,0 ,0 ,0 ,0 ,0 ,0 ,0 ,0 ,0 ,0 ,0 ,0 ,0 ,0 ,0 ,0 ,0 ,0 ,0 ,0 ,0,0 ,
9124,Nigeria,310 ,360 ,280 ,360 ,500 ,590 ,420 ,360 ,340 ,320 ,370 ,280 ,380 ,550 ,320 ,390 ,530 ,530 ,490 ,460 ,340 ,320 ,560 ,440 ,390 ,380 ,860 ,430 ,740 ,560 ,360 ,380 ,380 ,380 ,480 ,490 ,420 ,390 ,410 ,490 ,640 ,600 ,280 ,0 ,0 ,0 ,0 ,0 ,10 ,20,20 ,
9125,Sao Tome/Principe,0 ,0 ,0 ,0 ,0 ,0 ,0 ,0 ,0 ,0 ,0 ,0 ,0 ,0 ,0 ,0 ,0 ,0 ,0 ,0 ,0 ,0 ,0 ,0 ,0 ,0 ,0 ,0 ,0 ,0 ,0 ,0 ,0 ,0 ,0 ,0 ,0 ,0 ,0 ,0 ,0 ,0 ,0 ,0 ,0 ,0 ,0 ,0 ,0 ,0,0 ,
9126,Senegal,10 ,10 ,10 ,10 ,0 ,0 ,10 ,10 ,0 ,10 ,10 ,0 ,10 ,0 ,10 ,10 ,0 ,0 ,20 ,10 ,10 ,10 ,10 ,10 ,10 ,10 ,10 ,10 ,10 ,0 ,10 ,0 ,10 ,20 ,0 ,10 ,10 ,10 ,10 ,10 ,10 ,10 ,0 ,0 ,0 ,0 ,0 ,0 ,0 ,0,0 ,
9127,Sierra Leone,20 ,30 ,20 ,30 ,30 ,30 ,20 ,30 ,20 ,20 ,20 ,20 ,30 ,20 ,20 ,20 ,30 ,30 ,110 ,40 ,20 ,10 ,10 ,20 ,20 ,20 ,10 ,10 ,30 ,30 ,10 ,10 ,20 ,10 ,20 ,20 ,10 ,10 ,10 ,30 ,40 ,20 ,10 ,0 ,0 ,0 ,0 ,0 ,0 ,0,0 ,
9128,Togo,0 ,0 ,0 ,0 ,0 ,0 ,0 ,10 ,0 ,10 ,0 ,0 ,0 ,0 ,0 ,10 ,0 ,0 ,0 ,0 ,0 ,0 ,0 ,0 ,10 ,0 ,0 ,0 ,10 ,0 ,0 ,0 ,0 ,0 ,0 ,0 ,0 ,0 ,0 ,0 ,0 ,0 ,0 ,0 ,0 ,0 ,0 ,0 ,0 ,0,0 ,
9201,Angola,10 ,20 ,10 ,0 ,10 ,0 ,10 ,30 ,0 ,10 ,10 ,0 ,0 ,0 ,0 ,10 ,10 ,0 ,0 ,0 ,0 ,0 ,0 ,10 ,0 ,10 ,0 ,0 ,10 ,0 ,10 ,10 ,0 ,10 ,10 ,0 ,10 ,0 ,0 ,10 ,0 ,0 ,0 ,0 ,0 ,0 ,0 ,0 ,0 ,0,0 ,
9202,Botswana,30 ,70 ,50 ,100 ,100 ,90 ,60 ,50 ,90 ,70 ,70 ,50 ,80 ,40 ,40 ,100 ,150 ,80 ,90 ,80 ,50 ,40 ,70 ,70 ,70 ,80 ,70 ,100 ,120 ,70 ,40 ,60 ,70 ,60 ,100 ,70 ,80 ,80 ,80 ,100 ,130 ,110 ,30 ,0 ,0 ,0 ,0 ,0 ,0 ,0,0 ,
9203,Burundi,20 ,20 ,20 ,10 ,20 ,10 ,10 ,10 ,10 ,10 ,10 ,20 ,10 ,20 ,20 ,10 ,30 ,10 ,30 ,20 ,30 ,10 ,20 ,30 ,30 ,20 ,20 ,30 ,30 ,40 ,20 ,10 ,20 ,10 ,30 ,30 ,40 ,30 ,50 ,40 ,30 ,20 ,10 ,0 ,0 ,0 ,0 ,0 ,0 ,0,0 ,
9204,Comoros,0 ,0 ,0 ,0 ,0 ,0 ,0 ,0 ,0 ,0 ,0 ,10 ,0 ,0 ,0 ,0 ,0 ,0 ,0 ,0 ,0 ,0 ,10 ,10 ,0 ,0 ,0 ,0 ,0 ,0 ,0 ,0 ,0 ,0 ,0 ,10 ,0 ,0 ,0 ,0 ,0 ,0 ,0 ,0 ,0 ,0 ,0 ,0 ,0 ,0,0 ,
9205,Djibouti,0 ,0 ,0 ,0 ,0 ,10 ,0 ,0 ,0 ,0 ,0 ,0 ,0 ,0 ,0 ,0 ,0 ,0 ,0 ,0 ,0 ,0 ,0 ,0 ,0 ,0 ,0 ,0 ,0 ,0 ,0 ,0 ,0 ,0 ,0 ,0 ,0 ,0 ,0 ,0 ,0 ,0 ,0 ,0 ,0 ,0 ,0 ,0 ,0 ,0,0 ,
9206,Eritrea,40 ,50 ,70 ,20 ,40 ,70 ,70 ,50 ,60 ,110 ,40 ,60 ,170 ,50 ,40 ,40 ,40 ,80 ,70 ,60 ,100 ,60 ,60 ,90 ,110 ,60 ,40 ,50 ,80 ,100 ,50 ,70 ,60 ,70 ,90 ,180 ,80 ,140 ,80 ,50 ,70 ,210 ,60 ,0 ,0 ,0 ,0 ,0 ,0 ,10,0 ,
9207,Ethiopia,140 ,140 ,140 ,110 ,110 ,190 ,150 ,160 ,170 ,140 ,130 ,110 ,160 ,130 ,170 ,110 ,130 ,260 ,170 ,150 ,170 ,140 ,170 ,150 ,170 ,150 ,130 ,120 ,120 ,260 ,190 ,120 ,150 ,190 ,180 ,230 ,180 ,260 ,200 ,150 ,170 ,320 ,120 ,0 ,10 ,0 ,10 ,10 ,0 ,10,10 ,
9208,Kenya,550 ,580 ,470 ,950 ,"1,040 ",930 ,570 ,570 ,460 ,410 ,690 ,470 ,580 ,460 ,490 ,990 ,"1,070 ",960 ,640 ,730 ,450 ,470 ,750 ,580 ,560 ,470 ,560 ,960 ,"1,250 ",930 ,650 ,630 ,540 ,500 ,710 ,580 ,600 ,590 ,700 ,970 ,"1,230 ","1,020 ",380 ,0 ,10 ,10 ,0 ,10 ,10 ,20,20 ,
9211,Lesotho,20 ,0 ,0 ,0 ,0 ,0 ,10 ,10 ,10 ,0 ,10 ,10 ,10 ,20 ,10 ,10 ,0 ,10 ,40 ,10 ,0 ,0 ,0 ,10 ,10 ,10 ,10 ,0 ,10 ,10 ,10 ,0 ,0 ,0 ,10 ,10 ,0 ,10 ,10 ,10 ,10 ,0 ,10 ,0 ,0 ,0 ,0 ,0 ,0 ,0,0 ,
9212,Madagascar,20 ,10 ,10 ,10 ,10 ,30 ,20 ,10 ,10 ,10 ,20 ,10 ,20 ,10 ,10 ,30 ,10 ,10 ,20 ,10 ,10 ,10 ,30 ,30 ,10 ,10 ,10 ,10 ,20 ,20 ,10 ,10 ,20 ,10 ,10 ,10 ,10 ,20 ,10 ,10 ,30 ,20 ,10 ,0 ,0 ,0 ,0 ,0 ,0 ,0,0 ,
9213,Malawi,20 ,50 ,30 ,20 ,40 ,30 ,20 ,20 ,10 ,30 ,30 ,10 ,20 ,30 ,40 ,50 ,60 ,30 ,70 ,20 ,20 ,20 ,30 ,20 ,30 ,50 ,30 ,40 ,50 ,30 ,30 ,30 ,20 ,20 ,30 ,30 ,40 ,30 ,40 ,40 ,50 ,30 ,20 ,0 ,0 ,0 ,0 ,0 ,0 ,0,0 ,
9214,Mauritius,720 ,780 ,"1,020 ","1,620 ","1,230 ","1,240 ",840 ,810 ,570 ,590 ,950 ,710 ,670 ,700 ,"1,080 ","1,550 ","1,130 ","1,130 ",880 ,850 ,610 ,690 ,970 ,890 ,870 ,780 ,"1,160 ","1,540 ","1,140 ","1,100 ",730 ,720 ,670 ,650 ,940 ,710 ,880 ,800 ,"1,030 ","1,640 ","1,140 ","1,030 ",500 ,0 ,0 ,20 ,0 ,0 ,0 ,0,10 ,
9215,Mayotte,0 ,0 ,0 ,0 ,0 ,0 ,0 ,0 ,0 ,0 ,0 ,0 ,0 ,0 ,0 ,0 ,0 ,0 ,0 ,0 ,0 ,0 ,0 ,0 ,0 ,0 ,0 ,0 ,0 ,0 ,0 ,0 ,0 ,0 ,0 ,0 ,0 ,0 ,0 ,0 ,0 ,0 ,0 ,0 ,0 ,0 ,0 ,0 ,0 ,0,0 ,
9216,Mozambique,10 ,30 ,10 ,40 ,20 ,30 ,30 ,10 ,10 ,10 ,30 ,10 ,30 ,10 ,20 ,40 ,40 ,30 ,50 ,20 ,10 ,20 ,40 ,30 ,20 ,20 ,30 ,60 ,50 ,40 ,20 ,10 ,20 ,10 ,50 ,20 ,10 ,20 ,10 ,40 ,30 ,30 ,10 ,0 ,0 ,0 ,0 ,0 ,0 ,0,0 ,
9217,Namibia,20 ,20 ,30 ,80 ,20 ,20 ,20 ,50 ,90 ,20 ,20 ,20 ,30 ,40 ,50 ,80 ,30 ,30 ,60 ,70 ,40 ,30 ,40 ,30 ,40 ,40 ,30 ,60 ,30 ,40 ,30 ,40 ,40 ,30 ,30 ,20 ,30 ,50 ,30 ,70 ,40 ,30 ,20 ,0 ,0 ,0 ,0 ,0 ,0 ,0,0 ,
9218,Reunion,0 ,0 ,0 ,0 ,0 ,0 ,0 ,0 ,0 ,0 ,0 ,0 ,0 ,0 ,0 ,0 ,0 ,0 ,0 ,0 ,0 ,0 ,0 ,0 ,0 ,0 ,0 ,0 ,0 ,0 ,0 ,0 ,0 ,0 ,0 ,0 ,0 ,0 ,0 ,0 ,0 ,0 ,0 ,0 ,0 ,0 ,0 ,0 ,0 ,0,0 ,
9221,Rwanda,0 ,20 ,20 ,20 ,10 ,10 ,10 ,10 ,20 ,10 ,10 ,10 ,20 ,10 ,10 ,20 ,20 ,10 ,30 ,30 ,20 ,20 ,20 ,10 ,10 ,20 ,20 ,10 ,10 ,20 ,20 ,20 ,10 ,20 ,20 ,20 ,20 ,20 ,20 ,20 ,20 ,10 ,10 ,0 ,0 ,0 ,0 ,0 ,0 ,0,0 ,
9222,St Helena,0 ,0 ,0 ,0 ,0 ,0 ,0 ,0 ,0 ,0 ,0 ,0 ,0 ,0 ,0 ,0 ,0 ,0 ,0 ,0 ,0 ,0 ,0 ,0 ,0 ,0 ,0 ,0 ,0 ,0 ,0 ,0 ,0 ,0 ,0 ,0 ,0 ,0 ,0 ,0 ,0 ,0 ,0 ,0 ,0 ,0 ,0 ,0 ,0 ,0,0 ,
9223,Seychelles,50 ,30 ,30 ,110 ,50 ,40 ,30 ,40 ,20 ,30 ,40 ,20 ,20 ,30 ,20 ,80 ,60 ,50 ,80 ,60 ,30 ,20 ,40 ,30 ,30 ,30 ,40 ,110 ,50 ,30 ,50 ,20 ,40 ,30 ,40 ,20 ,30 ,40 ,30 ,110 ,50 ,40 ,10 ,0 ,0 ,0 ,0 ,0 ,0 ,0,0 ,
9224,Somalia,30 ,40 ,40 ,20 ,30 ,30 ,40 ,30 ,30 ,40 ,30 ,40 ,30 ,40 ,30 ,30 ,10 ,20 ,40 ,20 ,20 ,30 ,40 ,20 ,40 ,40 ,20 ,30 ,40 ,20 ,40 ,20 ,30 ,20 ,30 ,40 ,40 ,20 ,30 ,20 ,50 ,40 ,20 ,0 ,10 ,0 ,0 ,0 ,0 ,0,0 ,
9225,South Africa,"5,730 ","5,850 ","5,810 ","11,250 ","6,700 ","4,870 ","5,980 ","7,250 ","4,590 ","4,920 ","5,910 ","4,900 ","6,060 ","5,750 ","5,920 ","11,980 ","6,860 ","4,960 ","7,150 ","6,590 ","4,780 ","5,780 ","5,820 ","5,360 ","6,540 ","6,280 ","6,410 ","12,350 ","7,530 ","5,200 ","6,680 ","7,250 ","5,110 ","5,870 ","5,760 ","5,590 ","6,740 ","6,360 ","6,720 ","13,260 ","7,790 ","5,550 ","4,070 ",170 ,170 ,330 ,50 ,100 ,80 ,290,380 ,
9226,Eswatini,0 ,0 ,0 ,10 ,0 ,10 ,10 ,10 ,0 ,0 ,0 ,0 ,10 ,0 ,10 ,10 ,10 ,10 ,10 ,20 ,10 ,0 ,10 ,10 ,10 ,0 ,0 ,10 ,0 ,0 ,0 ,10 ,10 ,0 ,10 ,0 ,10 ,0 ,10 ,10 ,0 ,10 ,0 ,0 ,0 ,0 ,0 ,0 ,0 ,0,0 ,
9227,Tanzania,80 ,70 ,70 ,90 ,120 ,110 ,60 ,80 ,40 ,50 ,90 ,80 ,60 ,70 ,60 ,90 ,120 ,130 ,100 ,80 ,30 ,60 ,90 ,70 ,80 ,70 ,60 ,100 ,120 ,110 ,80 ,70 ,60 ,70 ,80 ,70 ,80 ,70 ,80 ,120 ,120 ,80 ,50 ,0 ,0 ,0 ,0 ,0 ,0 ,10,0 ,
9228,Uganda,50 ,70 ,60 ,100 ,110 ,90 ,70 ,110 ,70 ,50 ,70 ,50 ,70 ,80 ,50 ,80 ,140 ,90 ,120 ,180 ,130 ,70 ,90 ,70 ,110 ,70 ,150 ,80 ,120 ,90 ,70 ,110 ,70 ,60 ,90 ,50 ,90 ,70 ,70 ,70 ,120 ,100 ,40 ,0 ,0 ,0 ,0 ,0 ,0 ,0,10 ,
9231,Zambia,100 ,90 ,80 ,120 ,170 ,140 ,140 ,100 ,80 ,90 ,130 ,110 ,120 ,110 ,90 ,110 ,200 ,130 ,120 ,130 ,90 ,90 ,140 ,130 ,120 ,120 ,110 ,170 ,170 ,120 ,90 ,90 ,100 ,80 ,120 ,110 ,120 ,120 ,110 ,180 ,160 ,160 ,50 ,0 ,0 ,0 ,0 ,10 ,0 ,10,0 ,
9232,Zimbabwe,490 ,470 ,470 ,810 ,790 ,610 ,470 ,640 ,430 ,420 ,560 ,470 ,490 ,520 ,470 ,820 ,820 ,550 ,460 ,470 ,400 ,420 ,610 ,700 ,490 ,530 ,450 ,"1,010 ",930 ,540 ,460 ,600 ,470 ,510 ,590 ,570 ,600 ,510 ,560 ,"1,070 ",800 ,650 ,340 ,0 ,10 ,10 ,10 ,0 ,10 ,10,40 ,
9299,"S & E Afr, nec",0 ,0 ,0 ,0 ,0 ,0 ,0 ,0 ,0 ,0 ,0 ,0 ,0 ,0 ,0 ,0 ,0 ,0 ,0 ,0 ,0 ,0 ,0 ,0 ,0 ,0 ,0 ,0 ,0 ,0 ,0 ,0 ,0 ,0 ,0 ,0 ,0 ,0 ,0 ,0 ,0 ,0 ,0 ,0 ,0 ,0 ,0 ,0 ,0 ,0,0 ,
,Inadequately Described,"2,280 ","3,330 ",740 ,530 ,450 ,"1,010 ","1,270 ","2,560 ","1,150 ","2,050 ","3,990 ","1,270 ","4,210 ",820 ,780 ,360 ,460 ,610 ,820 ,"2,060 ","1,040 ","1,300 ","1,720 ",980 ,"2,310 ","2,550 ",970 ,530 ,420 ,590 ,"1,300 ","2,100 ","1,110 ","1,340 ","4,250 ","1,260 ","2,220 ","2,500 ",920 ,400 ,650 ,550 ,710 ,40 ,50 ,560 ,580 ,200 ,250 ,370,120 ,
,,,,,,,,,,,,,,,,,,,,,,,,,,,,,,,,,,,,,,,,,,,,,,,,,,,, ,
,Total," 1,590,300 "," 1,781,180 "," 1,514,740 "," 1,721,010 "," 2,068,570 "," 1,636,500 "," 1,527,480 "," 1,650,570 "," 1,403,450 "," 1,424,630 "," 1,912,280 "," 1,624,750 "," 1,670,390 "," 1,881,130 "," 1,602,460 "," 1,790,630 "," 2,129,950 "," 1,730,770 "," 1,684,620 "," 1,669,910 "," 1,481,410 "," 1,514,670 "," 2,010,030 "," 1,720,360 "," 1,724,040 "," 1,968,070 "," 1,669,820 "," 1,855,280 "," 2,217,820 "," 1,793,390 "," 1,663,990 "," 1,714,550 "," 1,589,960 "," 1,563,090 "," 2,013,180 "," 1,785,080 "," 1,749,270 "," 1,982,920 "," 1,724,520 "," 1,892,440 "," 2,258,940 "," 1,571,490 "," 923,980 "," 21,620 "," 19,400 "," 25,770 "," 18,280 "," 15,440 "," 16,720 "," 24,710 ","29,770 ",
,,,,,,,,,,,,,,,,,,,,,,,,,,,,,,,,,,,,,,,,,,,,,,,,,,,,,
,,,,,,,,,,,,,,,,,,,,,,,,,,,,,,,,,,,,,,,,,,,,,,,,,,,,,
(a) Country of citizenship classification and codes are from the: ,,,,,,,,,,,,,,,,,,,,,,,,,,,,,,,,,,,,,,,,,,,,,,,,,,,,,
"Standard Australian Classification of Countries (SACC), 2016 (cat. no. 1269.0)",,,,,,,,,,,,,,,,,,,,,,,,,,,,,,,,,,,,,,,,,,,,,,,,,,,,,
"(b) To confidentialise, estimates have been rounded to the nearest 10. As a result, sums of the components may not add exactly to totals.",,,,,,,,,,,,,,,,,,,,,,,,,,,,,,,,,,,,,,,,,,,,,,,,,,,,,
